CSDuid,hhld_median_inc,Population
1001101,NA,36
1001105,64640,150
1001113,53888,481
1001120,NA,66
1001124,66240,1625
1001126,61568,489
1001131,55936,301
1001136,56448,325
1001140,NA,52
1001144,53632,80
1001149,57472,414
1001155,60800,435
1001169,43392,313
1001174,45824,232
1001178,50816,347
1001181,55680,185
1001186,57344,135
1001192,48896,115
1001197,63360,349
1001203,65664,513
1001207,NA,80
1001214,48128,100
1001219,51840,228
1001225,109824,102
1001228,45952,252
1001234,61312,360
1001240,60352,3496
1001254,54272,252
1001259,53632,731
1001263,90880,185
1001267,66304,369
1001270,74240,949
1001274,72576,228
1001277,88576,396
1001281,51584,256
1001285,63360,666
1001289,69376,457
1001293,65792,1118
1001298,64128,890
1001304,57765,2943
1001308,62336,373
1001312,51584,674
1001316,45952,213
1001321,56832,548
1001325,52736,340
1001328,42176,186
1001332,50560,450
1001335,50304,329
1001339,50048,1866
1001343,75520,633
1001347,60544,392
1001352,53568,387
1001357,66304,390
1001361,61056,680
1001365,55680,1800
1001370,58010,4858
1001374,82944,299
1001375,97024,395
1001379,54464,2995
1001385,61611,1561
1001391,NA,0
1001394,48256,287
1001396,58667,2653
1001405,NA,28
1001409,68059,6012
1001415,66560,928
1001421,65963,1073
1001426,69888,570
1001429,60459,1558
1001434,69120,647
1001437,58816,743
1001441,62336,372
1001446,55680,723
1001452,64384,663
1001456,80469,654
1001461,81920,685
1001464,63744,641
1001469,93184,1067
1001472,87296,2463
1001485,90002,26199
1001490,36544,322
1001494,31117,2146
1001504,107101,8147
1001505,76032,2069
1001507,105984,1683
1001509,104038,7899
1001511,119040,2221
1001512,78080,452
1001517,107542,21389
1001519,69455,108860
1001542,78232,22957
1001551,79104,960
1001557,97280,1500
1001559,99392,1619
1001565,NA,88
1002001,75520,246
1002002,82688,544
1002005,66816,2315
1002006,61568,117
1002008,58496,1192
1002009,NA,10
1002011,63744,624
1002012,52352,267
1002013,50688,162
1002014,47744,231
1002015,NA,88
1002016,62848,178
1002017,51584,169
1002018,51008,1401
1002019,51584,2310
1002021,71936,568
1002022,61568,226
1002023,97451,390
1002024,67669,5316
1002025,64256,295
1002026,46720,136
1002027,50048,241
1002029,NA,0
1002030,66816,235
1002031,56832,566
1002033,56192,245
1002034,62080,248
1002036,76032,482
1002037,64384,189
1002039,66304,139
1002040,46976,124
1002041,75264,433
1002044,NA,0
1002048,58752,558
1002055,61504,127
1003001,NA,24
1003002,64896,139
1003003,59968,588
1003004,37504,374
1003005,50816,193
1003006,NA,0
1003008,65152,1634
1003009,NA,0
1003010,57728,242
1003011,60288,422
1003012,40896,136
1003014,58496,262
1003018,57472,749
1003019,53376,1186
1003020,50048,101
1003021,NA,89
1003024,45440,119
1003026,48640,447
1003028,50048,1307
1003031,62080,707
1003032,56960,664
1003033,79360,622
1003034,54583,4067
1003038,58496,87
1003042,NA,51
1003045,43136,394
1003801,65792,956
1004001,47411,1700
1004006,40192,1174
1004011,36480,747
1004013,48768,1203
1004016,49024,860
1004017,NA,50
1004018,40363,1719
1004019,42918,6623
1004020,78080,2008
1004021,48768,579
1004022,32768,1957
1004033,40064,853
1004037,39360,465
1004042,45568,449
1005001,61824,276
1005003,41728,468
1005004,60320,5249
1005005,43776,284
1005006,46848,205
1005007,50560,216
1005008,54400,429
1005009,68224,509
1005010,98816,823
1005011,95744,444
1005012,82603,3620
1005014,59008,597
1005015,58752,410
1005016,72704,276
1005017,102400,1632
1005018,58002,19806
1005019,NA,34
1005020,66202,1599
1005022,55744,538
1005023,48768,688
1005024,47744,522
1005025,61120,626
1005028,90496,255
1005030,62421,1418
1005033,67392,746
1005035,55808,344
1006001,70400,682
1006003,47360,737
1006008,55936,194
1006009,72944,11688
1006011,74496,574
1006012,56704,778
1006014,64640,681
1006015,60672,426
1006017,60462,14171
1006019,51328,3156
1006021,44544,828
1006022,47680,2875
1006026,62592,704
1006028,NA,81
1006029,49536,128
1006031,43968,642
1007001,62272,1966
1007006,52480,1232
1007009,57600,1275
1007013,76032,6291
1007014,47616,459
1007015,63488,169
1007016,46400,340
1007018,36736,71
1007020,43520,308
1007022,49536,1819
1007023,50432,3448
1007024,44800,343
1007025,NA,51
1007026,NA,30
1007027,62784,90
1007028,46720,846
1007031,54477,2644
1007032,62080,564
1007036,65408,601
1007037,63360,267
1007038,57728,230
1007039,57088,122
1007040,55168,73
1007041,48896,200
1007042,50176,501
1007043,56832,229
1007044,60672,2083
1007045,NA,49
1007046,54784,124
1007047,55680,1978
1007048,69632,145
1007049,49792,969
1007050,48000,1147
1007051,NA,10
1007054,74368,266
1007056,59264,143
1007057,47168,662
1007060,64973,2172
1007067,38272,175
1008001,46720,130
1008004,72960,501
1008006,56448,990
1008008,48832,3060
1008011,48000,740
1008024,39424,208
1008026,42368,216
1008029,52864,177
1008031,42112,1900
1008032,46848,271
1008033,47488,906
1008035,48384,2196
1008036,42816,433
1008037,55424,452
1008038,54336,550
1008039,45568,407
1008040,50816,262
1008042,53184,930
1008043,50219,701
1008044,53824,3409
1008045,48768,281
1008046,42112,548
1008047,41088,154
1008048,45312,292
1008049,47027,591
1008052,NA,10
1008053,48000,294
1008054,64256,983
1008055,67072,188
1008056,35072,168
1008058,51456,440
1008059,44160,482
1008060,53696,805
1008061,52224,2971
1008062,41600,130
1008063,47488,105
1008064,32448,71
1008065,42112,337
1008066,44032,132
1008067,60032,309
1008069,66816,659
1008070,NA,85
1008071,50816,314
1008072,60288,474
1008073,NA,5
1008074,54400,317
1008075,40448,244
1008076,59008,872
1008077,40064,157
1008078,50688,164
1008079,66880,1313
1008091,52096,303
1008092,55040,105
1008093,42240,195
1008095,76459,319
1008096,54912,190
1008098,59520,104
1008099,59200,2244
1009001,NA,71
1009004,47552,527
1009007,56896,999
1009008,57216,170
1009009,41344,121
1009010,43904,552
1009011,43136,282
1009012,62976,670
1009013,59008,947
1009015,67968,253
1009016,55424,428
1009017,40576,345
1009018,63360,315
1009019,67328,674
1009020,56192,238
1009021,64256,2529
1009022,59264,789
1009023,103168,314
1009024,56960,270
1009026,58880,179
1009028,44160,243
1009029,74138,2258
1009030,54656,224
1009031,59680,643
1009032,71253,604
1009034,47488,123
1009035,52864,177
1009037,NA,20
1009039,77056,174
1009041,46720,159
1009042,NA,53
1009047,NA,41
1009048,54528,215
1010001,NA,61
1010002,110933,558
1010003,76544,169
1010004,88064,216
1010005,85888,409
1010006,56320,111
1010007,NA,88
1010008,64896,369
1010009,82944,412
1010010,81920,194
1010011,81152,341
1010012,60672,427
1010013,85760,290
1010020,96256,548
1010022,92416,547
1010025,112307,8109
1010029,161152,705
1010032,125382,7220
1010034,120896,1906
1010042,NA,0
1010801,80640,936
1010802,85760,1023
1011005,NA,0
1011010,67840,305
1011015,63104,177
1011020,70400,377
1011030,66432,574
1011035,74752,1125
1011040,NA,0
1101001,62933,933
1101002,46976,258
1101004,53888,304
1101006,57024,815
1101008,60608,745
1101009,57216,1186
1101011,63787,206
1101014,66048,791
1101016,62848,740
1101018,36736,1961
1101019,71552,489
1101021,65536,269
1101022,67328,280
1101024,47616,555
1101026,63616,319
1101028,64896,398
1101029,64768,328
1101031,57344,692
1101032,68352,772
1101034,68523,460
1101036,42368,1053
1101038,69376,347
1101039,68096,474
1101041,61184,249
1101042,63104,406
1101044,58240,237
1101046,73472,427
1101048,70656,297
1101049,64896,618
1101050,NA,22
1101051,69632,529
1102001,56064,559
1102004,56192,307
1102006,59552,437
1102008,60160,974
1102009,67584,942
1102012,71680,1096
1102014,76032,2045
1102026,73536,1767
1102028,79744,2347
1102029,68992,849
1102030,NA,51
1102031,66048,920
1102032,NA,74
1102033,74325,355
1102034,61440,319
1102036,58368,826
1102037,74752,653
1102038,73387,849
1102039,78080,856
1102040,62421,1148
1102041,75776,603
1102042,72021,984
1102043,50624,356
1102044,64896,1735
1102045,73728,328
1102046,49920,607
1102048,78080,372
1102049,68523,1323
1102050,76544,204
1102051,60032,167
1102052,82005,2847
1102054,69376,1642
1102056,69205,755
1102057,46592,200
1102058,69760,583
1102059,47744,209
1102065,92032,224
1102070,73472,356
1102075,53736,36094
1102080,78100,9706
1102085,76181,5348
1103001,65088,837
1103005,49536,724
1103006,66304,723
1103008,69888,336
1103009,71083,999
1103011,74752,1157
1103012,69184,1803
1103014,51520,1619
1103015,61312,302
1103016,67328,1062
1103018,64384,159
1103019,61696,575
1103023,71680,310
1103024,62528,873
1103025,52143,14829
1103026,64896,1113
1103027,62592,272
1103028,66816,708
1103029,49408,415
1103031,64256,755
1103032,71424,712
1103033,55680,249
1103034,57856,807
1103035,46080,323
1103036,52096,495
1103038,48256,263
1103041,60800,815
1103042,38059,815
1103044,60032,288
1103046,54741,556
1103048,62592,459
1103049,73088,1285
1103051,65728,1113
1103052,44832,1145
1103054,68949,774
1103056,59392,1457
1103057,NA,66
1103058,69248,1670
1103059,45056,719
1103062,43904,148
1201001,64000,6646
1201004,53120,758
1201006,56858,4288
1201008,45952,1743
1201009,46464,531
1202001,64448,7899
1202004,58531,9845
1202006,37967,6518
1202040,26432,157
1203001,53133,8018
1203004,47202,7107
1203006,36352,2060
1203009,34688,138
1204009,NA,15
1204010,47680,10307
1204015,NA,29
1205001,51157,2991
1205002,NA,0
1205004,46016,5866
1205006,NA,16
1205008,42368,491
1205009,46016,4448
1205014,55168,4947
1205016,40896,1832
1206001,58624,24863
1206004,46836,8532
1206006,51968,2263
1206008,53035,1036
1206009,54336,10310
1206011,NA,95
1206014,NA,27
1206016,NA,0
1207001,61147,22234
1207002,41472,140
1207004,51413,2509
1207011,54609,8093
1207012,56909,6271
1207016,55959,11858
1207021,61072,5219
1207024,53362,4195
1207027,NA,81
1208001,62087,15368
1208002,43922,3648
1208008,72898,22453
1208014,28096,1089
1209019,47360,203
1209029,NA,0
1209034,69553,403131
1209037,NA,21
1209038,NA,25
1209800,NA,10
1210001,63851,13098
1210002,55339,1373
1210003,32576,860
1210006,43301,12261
1210008,60268,19534
1210012,53291,3459
1211001,43435,1915
1211002,40405,1205
1211006,49583,6859
1211009,61894,5268
1211011,46677,9413
1211012,46336,1190
1211014,54112,4155
1212001,62182,6075
1212004,47936,3186
1212006,62285,6174
1212008,51200,3628
1212009,50034,4208
1212011,63433,8443
1212014,50624,9075
1212016,50592,2474
1212019,36224,485
1212023,NA,0
1213001,49920,2233
1213004,48000,4670
1213008,62720,722
1214001,74163,8278
1214002,47415,4364
1214006,66981,6306
1214010,26944,353
1215001,63573,3186
1215002,59552,3214
1215006,61850,4928
1215008,34816,831
1215011,55979,5076
1216001,55014,3150
1216006,54464,3796
1216011,50560,1512
1216014,32192,506
1217008,41152,1015
1217020,23317,3422
1217030,53833,94285
1218001,60774,3985
1218003,29760,537
1218006,55424,2567
1301001,53675,1132
1301002,49408,276
1301004,70656,3843
1301006,52132,67575
1301016,71680,1194
1302001,80640,145
1302004,52139,872
1302006,56736,797
1302008,57216,707
1302011,60992,2170
1302012,50624,894
1302014,NA,63
1302016,62123,2341
1302018,61472,1517
1302021,57472,689
1302024,68864,553
1302026,63232,1786
1302028,55040,657
1302031,73387,573
1302034,50560,1839
1302037,47488,4415
1302039,45184,1186
1302042,54240,1529
1302044,46784,335
1302052,61952,2360
1303001,56875,819
1303004,55040,452
1303005,61760,608
1303006,57600,704
1303008,71838,7177
1303011,74695,5119
1303012,77074,9223
1303013,39040,282
1303014,56960,809
1303016,71467,1831
1303018,51840,620
1304001,58240,681
1304004,59520,311
1304005,62976,711
1304006,42624,277
1304008,45696,427
1304011,58368,647
1304013,58624,562
1304014,47232,560
1304016,44032,203
1304018,46848,847
1304021,58176,924
1304022,38985,2305
1304024,52864,913
1304025,39125,1104
1305001,49280,251
1305004,56960,1269
1305006,78464,2809
1305007,75968,4289
1305008,76544,325
1305011,69504,1962
1305014,66889,2913
1305015,84813,4964
1305016,63296,1301
1305018,65621,1382
1305021,68096,2516
1305022,44544,4282
1305023,60032,1461
1305024,62176,469
1305026,56960,1353
1305028,51200,1061
1305031,61248,3522
1305034,59392,1525
1305036,57728,325
1305038,58944,1058
1305045,88623,11659
1305057,101968,18245
1306001,51392,647
1306003,49280,350
1306004,51328,333
1306006,64896,213
1306007,NA,5
1306008,49493,892
1306011,55424,1308
1306014,73984,4466
1306020,69474,19667
1306025,54912,1277
1307001,54571,908
1307002,40064,408
1307004,50240,1058
1307005,68894,6376
1307007,64608,2425
1307008,60992,1182
1307009,61632,5331
1307011,54272,429
1307012,49280,1096
1307013,69792,4778
1307014,NA,40
1307016,66624,4789
1307019,74240,9811
1307022,56062,71889
1307024,60160,3388
1307028,58478,2284
1307029,54720,1383
1307045,76963,25384
1307052,57203,6664
1308001,65280,3914
1308002,62293,2649
1308003,NA,96
1308004,58468,3079
1308005,46720,2361
1308006,57515,1972
1308007,60032,1733
1308008,55872,842
1308010,39296,346
1308012,NA,15
1308014,48448,1338
1308015,24960,1937
1308016,55296,1887
1308017,52864,830
1308018,38613,1266
1308019,57984,1997
1308020,47488,138
1308021,60437,1802
1308022,38784,856
1308024,50219,709
1308026,54144,708
1309001,58283,2201
1309004,59264,1560
1309006,69376,511
1309011,65920,976
1309014,66048,957
1309016,53248,1102
1309017,40021,1166
1309018,53824,2028
1309019,62976,958
1309021,43776,451
1309022,44117,792
1309023,28992,309
1309026,65609,1694
1309027,46903,2218
1309028,62336,2263
1309031,60032,1136
1309034,NA,48
1309035,26304,532
1309036,51029,3640
1309038,57344,1684
1309044,36821,1179
1309047,NA,10
1309050,57417,17537
1310001,88036,2606
1310002,102713,4174
1310004,60416,1777
1310005,58453,358
1310006,48512,1151
1310007,NA,73
1310008,57088,233
1310011,53952,525
1310012,53120,336
1310013,72960,173
1310014,55680,356
1310016,59904,930
1310017,95061,4750
1310018,90573,2822
1310019,31040,493
1310021,64896,1174
1310024,55296,1484
1310025,55125,273
1310026,65024,3289
1310028,73952,6154
1310031,73933,4837
1310032,60592,58220
1310034,37888,1038
1310036,54080,832
1310037,55040,412
1310054,60992,941
1311001,56224,1303
1311004,65472,2220
1311005,41792,327
1311006,50496,5228
1311008,69824,1724
1311011,47488,1735
1311012,57152,957
1311014,60896,2767
1311018,54912,1022
1311019,50560,557
1311021,60992,473
1311024,56960,1196
1311026,47040,781
1311027,63360,1604
1311028,53888,2153
1311030,44160,476
1311031,56448,1697
1312001,51072,891
1312002,45952,306
1312004,48320,1082
1312006,41632,1590
1312007,27616,968
1312008,51456,1493
1312009,41792,1023
1312011,46720,464
1312014,45824,1471
1312016,57045,1109
1312019,50211,5326
1312021,65248,2157
1312023,51243,737
1313001,63232,1129
1313002,57472,772
1313004,63360,975
1313006,48512,1300
1313008,62080,275
1313011,48000,964
1313012,49792,957
1313014,45440,724
1313015,47616,711
1313018,58048,592
1313020,44032,214
1313022,60544,1538
1313024,57003,1596
1313027,51435,16580
1313028,NA,10
1313032,75008,478
1313033,63360,252
1313034,53888,275
1313035,54400,564
1313036,NA,5
1313037,54443,690
1313038,65088,283
1313039,44544,781
1313041,60096,606
1313042,45952,470
1314001,36403,1076
1314003,39808,227
1314004,63659,1310
1314005,58880,278
1314006,63744,1674
1314008,63360,1067
1314010,38528,329
1314011,52992,1953
1314012,48640,656
1314013,54128,3570
1314014,42130,6883
1314015,77466,938
1314016,42112,657
1314017,45747,3126
1314020,52416,1979
1314021,59776,1532
1314022,49771,2194
1314025,42258,1417
1314026,NA,89
1315002,53171,16114
1315006,52779,2032
1315008,64597,4797
1315010,40576,134
1315011,46379,11897
1315012,57968,6248
1315013,55168,886
1315014,50208,1897
1315015,59136,4288
1315016,50816,1214
1315017,42240,647
1315019,41440,2329
1315020,48896,720
1315021,43456,1361
1315022,60160,764
1315024,56320,2366
1315026,52224,1337
1315027,50176,1305
1315028,57259,4248
1315029,53920,4800
1315030,69888,793
1315031,51968,2580
1315032,58880,1285
1315033,51200,879
1315036,45920,1166
1315037,60800,963
1315038,51200,899
1315040,35840,495
2401023,61029,12010
2401042,81152,465
2402005,44826,3103
2402010,54144,1015
2402015,45751,3408
2402028,50020,7546
2402047,48384,2210
2402902,NA,0
2403005,59819,14568
2403010,44800,671
2403015,43477,170
2403020,51520,1057
2403025,49120,651
2403902,NA,0
2403904,NA,0
2404005,35072,289
2404010,44800,1134
2404015,36160,155
2404020,35776,128
2404025,48768,275
2404030,45184,243
2404037,45594,6437
2404047,44971,2476
2404902,49664,179
2404904,NA,0
2405010,42560,292
2405015,46848,380
2405020,47744,339
2405025,47360,568
2405032,54741,3164
2405040,44608,1388
2405045,57003,2706
2405050,48704,458
2405055,54443,1171
2405060,52565,2024
2405065,56704,699
2405070,54480,3706
2405077,54784,730
2405902,NA,35
2406005,64384,2615
2406013,55424,4073
2406020,53696,1659
2406025,49280,544
2406030,38101,1391
2406035,47744,171
2406040,37760,161
2406045,44715,645
2406050,39765,500
2406055,43776,644
2406060,34176,164
2406802,37952,653
2406804,30912,1241
2406902,NA,0
2406904,NA,0
2407005,44928,166
2407010,40768,384
2407018,44032,2304
2407025,41408,226
2407030,48256,953
2407035,43520,359
2407040,53675,327
2407047,49728,6178
2407057,56107,1450
2407065,42624,327
2407070,40832,315
2407075,40192,441
2407080,50688,927
2407085,46464,1594
2407090,45184,333
2407095,39424,580
2407100,39381,398
2407105,56960,426
2407902,NA,18
2407904,NA,0
2407906,NA,0
2407908,NA,47
2407910,NA,0
2407912,NA,0
2407914,45696,172
2408005,40576,987
2408010,NA,86
2408015,34432,306
2408023,43456,1065
2408030,53035,692
2408035,47232,965
2408040,62592,233
2408053,48094,14311
2408065,47008,400
2408073,52523,1585
2408080,51840,628
2408902,NA,43
2409005,39040,432
2409010,33344,240
2409015,40064,504
2409020,41280,280
2409025,49728,1167
2409030,59691,876
2409035,46080,953
2409040,45952,245
2409048,46912,587
2409055,60224,511
2409060,37376,167
2409065,46656,1759
2409070,65536,523
2409077,43568,6281
2409085,54688,884
2409092,59712,2801
2409902,NA,0
2409904,NA,0
2410005,44480,341
2410010,40768,223
2410015,53888,961
2410025,46208,353
2410030,71680,3071
2410043,56728,48664
2410060,59819,816
2410070,48928,1837
2410075,43648,364
2410902,NA,20
2411005,50560,460
2411010,46976,1596
2411015,41024,307
2411020,NA,54
2411025,32448,209
2411030,43328,386
2411035,47104,286
2411040,40448,3246
2411045,54848,1085
2411050,54336,639
2411055,45056,426
2411902,NA,0
2412005,55616,1066
2412010,54272,1279
2412015,67008,4049
2412020,72576,1162
2412025,43648,245
2412030,48384,827
2412035,40640,309
2412043,45338,1294
2412045,NA,36
2412057,62805,1803
2412065,67584,1230
2412072,53192,19507
2412080,70571,1151
2413005,46362,2863
2413010,42240,248
2413015,52864,603
2413020,50304,397
2413025,39168,1230
2413030,58496,593
2413040,46464,561
2413045,46464,448
2413050,43904,262
2413055,39424,464
2413060,42880,512
2413065,48085,1113
2413073,53998,4910
2413075,52608,117
2413080,52309,1292
2413085,51584,321
2413090,49536,741
2413095,52096,2582
2413100,46592,317
2414005,48896,1127
2414010,49963,541
2414018,52459,3468
2414025,52992,918
2414030,63360,391
2414035,61056,2109
2414040,58752,658
2414045,52352,286
2414050,58240,616
2414055,58283,517
2414060,47659,832
2414065,59712,970
2414070,55424,1598
2414075,52224,716
2414080,48832,560
2414085,48144,4120
2414090,71808,1636
2414902,NA,10
2414904,NA,0
2415005,65664,641
2415013,53984,8271
2415025,61056,791
2415030,62080,1095
2415035,55040,3085
2415058,55488,1227
2415065,47040,206
2415902,NA,63
2415904,64384,130
2416005,72704,814
2416013,54741,7146
2416023,52544,1143
2416048,58944,1331
2416050,58624,1127
2416055,56576,1373
2416902,NA,63
2417005,42944,277
2417010,52315,2400
2417015,43456,510
2417020,49067,428
2417025,46208,389
2417030,53120,1639
2417035,41024,589
2417040,49280,552
2417045,44672,718
2417055,58176,1474
2417060,47232,671
2417065,59008,917
2417070,52640,3407
2417078,54720,3827
2418005,37931,668
2418010,42240,184
2418015,40128,954
2418020,39424,280
2418025,43051,542
2418030,43840,785
2418035,41664,320
2418040,40235,392
2418045,55829,3089
2418050,48804,11255
2418055,66560,907
2418060,54336,1623
2418065,70336,1555
2418070,46976,144
2419005,43648,714
2419010,52224,768
2419015,54848,363
2419020,45696,1127
2419025,54272,1517
2419030,53018,1956
2419037,46029,1488
2419045,56640,742
2419050,58112,1288
2419055,60245,3362
2419062,65587,3938
2419068,73244,5611
2419070,67840,849
2419075,64179,2153
2419082,55117,2390
2419090,59392,755
2419097,66645,2396
2419105,79840,2942
2419110,71083,1813
2419117,63552,1061
2420005,67840,527
2420010,75776,938
2420015,72363,1059
2420020,87296,1532
2420025,69803,1993
2420030,93696,1033
2421005,51136,1473
2421010,71973,3240
2421015,NA,5
2421020,65152,1441
2421025,66965,3752
2421030,49184,2880
2421035,64427,4126
2421040,79002,3695
2421045,98769,7587
2421902,NA,0
2421904,NA,0
2422005,84571,7706
2422010,82432,1960
2422015,128256,260
2422020,94163,6031
2422025,88320,3382
2422030,107520,638
2422035,85946,8359
2422040,116832,7801
2422045,84559,7348
2422902,NA,0
2423015,NA,318
2423027,59881,531902
2423057,76853,16543
2423072,101958,18820
2423802,57760,2134
2425213,74101,143414
2426005,57024,1239
2426010,65920,1157
2426015,59349,1875
2426022,72096,2400
2426030,64625,13565
2426035,64512,1078
2426040,68096,1271
2426048,71200,2352
2426055,69965,2321
2426063,68416,2880
2426070,79174,6647
2427008,57318,2448
2427015,56896,492
2427028,54912,6281
2427035,56832,1374
2427043,59584,4858
2427050,60032,410
2427055,57984,539
2427060,55616,1401
2427065,57728,1044
2427070,55680,278
2428005,49536,1653
2428015,49536,847
2428020,55424,3590
2428025,55872,987
2428030,58880,729
2428035,46336,374
2428040,48704,490
2428045,55936,1820
2428053,52048,3822
2428060,40320,438
2428065,41728,358
2428070,37717,752
2428075,43392,676
2429005,54400,713
2429013,58368,2205
2429020,65152,95
2429025,50816,540
2429030,51840,1707
2429038,56917,1483
2429045,53952,2477
2429050,66752,745
2429057,55552,3239
2429065,63104,369
2429073,54168,32513
2429095,101632,147
2429100,59349,1630
2429112,60128,2400
2429120,64064,1594
2429125,67584,549
2430005,48576,692
2430010,41408,938
2430015,46080,178
2430020,52352,358
2430025,66496,1734
2430030,46016,5654
2430035,62635,705
2430040,43392,299
2430045,54357,1377
2430050,57920,863
2430055,54336,734
2430070,63872,575
2430072,55637,1071
2430080,50944,1021
2430085,53632,657
2430090,41216,823
2430095,52032,1617
2430100,52395,691
2430105,54080,530
2430110,53312,945
2431008,47232,905
2431015,42304,2336
2431020,50368,1123
2431025,46976,188
2431030,36480,263
2431035,47360,376
2431040,57677,884
2431045,48512,1762
2431050,51008,327
2431056,61747,2806
2431060,52032,549
2431084,47922,25403
2431095,59776,399
2431100,47360,372
2431105,53632,350
2431122,49792,2199
2431130,51072,521
2431135,53504,898
2431140,48384,685
2432013,55424,2076
2432023,58283,612
2432033,50944,6001
2432040,45030,6551
2432045,63957,2663
2432050,54048,527
2432058,52288,899
2432065,46208,1605
2432072,51200,1346
2432080,55680,688
2432085,43349,457
2433007,54912,1019
2433017,52992,1168
2433025,58624,1036
2433030,61312,1106
2433035,61312,2525
2433040,54272,944
2433045,64512,4280
2433052,60032,1618
2433060,61111,2573
2433065,54016,984
2433070,51200,924
2433080,55851,1194
2433085,70502,861
2433090,69760,6110
2433095,73856,1598
2433102,56192,2516
2433115,51115,812
2433123,48000,473
2434007,83482,4392
2434017,71134,9240
2434025,55776,7200
2434030,68565,3400
2434038,55040,2631
2434048,52853,3187
2434058,60672,2220
2434060,62592,296
2434065,49712,2911
2434078,42155,1430
2434085,48256,286
2434090,45696,1412
2434097,49344,1198
2434105,52608,704
2434115,58880,1145
2434120,80384,497
2434128,58483,10221
2434135,49280,584
2434902,NA,54
2434904,NA,0
2434906,NA,0
2435005,39424,745
2435010,48640,1292
2435015,46784,922
2435020,51200,846
2435027,43162,3673
2435035,52864,1278
2435040,49280,415
2435045,40128,302
2435050,42624,2484
2435055,43904,396
2435902,NA,0
2435904,NA,5
2435906,NA,0
2435908,NA,0
2436033,44555,49349
2437067,50700,134413
2437205,45312,2019
2437210,51328,903
2437215,52096,1006
2437220,60203,1735
2437225,48320,545
2437230,66816,3286
2437235,63693,5751
2437240,51008,1832
2437245,44352,1010
2437250,47744,530
2438005,46976,791
2438010,61554,13031
2438015,46464,468
2438020,45440,301
2438028,40704,816
2438035,49280,449
2438040,43520,729
2438047,43648,669
2438055,50560,530
2438060,51072,372
2438065,51200,1137
2438070,45376,909
2438802,35712,202
2439005,54016,254
2439010,47744,869
2439015,43392,411
2439020,49152,458
2439025,58048,1410
2439030,63488,922
2439035,46848,374
2439043,60544,1157
2439060,73813,3021
2439062,51462,46130
2439077,56416,4635
2439085,58982,1601
2439090,61376,372
2439097,82261,1947
2439105,49664,355
2439117,51285,1569
2439130,56640,744
2439135,61653,1263
2439145,55296,843
2439150,51328,1290
2439155,42368,965
2439165,46165,413
2439170,54400,1011
2440005,42112,235
2440010,45184,522
2440017,50752,1430
2440025,55168,529
2440032,56896,958
2440043,41301,6786
2440047,49792,3826
2441012,45184,695
2441020,45696,276
2441027,42560,768
2441037,48192,733
2441038,56085,5393
2441055,69069,3158
2441060,48032,3659
2441065,62336,1006
2441070,47488,1174
2441075,46720,176
2441080,38528,472
2441085,43904,428
2441098,43584,2670
2441117,56064,1727
2442005,73685,2955
2442020,65152,2273
2442025,80839,4054
2442032,71765,1323
2442040,57088,608
2442045,53952,635
2442050,59008,598
2442055,54656,2165
2442060,62549,1044
2442065,57216,416
2442070,52352,138
2442075,60160,1063
2442078,65152,418
2442088,53232,5419
2442095,64939,1619
2442098,45056,3232
2442100,65237,1185
2442110,59424,1541
2443027,51706,161323
2444003,52160,475
2444005,48000,97
2444010,51072,269
2444015,46464,670
2444023,57472,696
2444037,50677,8698
2444045,61952,816
2444050,53205,584
2444055,61568,504
2444060,58240,436
2444071,60224,3131
2444080,57824,2121
2445008,45472,2788
2445020,56192,741
2445025,59392,1036
2445030,52096,1852
2445035,62400,1047
2445043,68992,696
2445050,57024,632
2445055,87637,2106
2445060,71872,2479
2445072,52531,26669
2445080,NA,32
2445085,65024,1485
2445093,65984,1843
2445095,65280,940
2445100,59776,674
2445105,55360,1058
2445115,80620,4337
2446005,66176,334
2446010,58176,1111
2446017,53171,1205
2446025,53333,517
2446030,58368,274
2446035,43465,2560
2446040,63360,687
2446045,56192,866
2446050,64448,3432
2446058,55680,4012
2446065,65024,630
2446070,60032,296
2446075,60821,5495
2446078,77040,9041
2446080,49508,13656
2446085,67456,554
2446090,62784,2306
2446095,54976,676
2446100,59776,668
2446105,70912,1085
2446112,52527,8909
2447010,78507,3094
2447017,52442,66222
2447025,45280,4410
2447030,47520,363
2447035,79718,6947
2447040,65536,1301
2447047,61147,3809
2447055,67547,2160
2448005,54976,322
2448010,48171,1305
2448015,52608,1086
2448020,56896,730
2448028,47435,7656
2448038,56149,2092
2448045,57131,1519
2448050,58816,884
2449005,48960,1430
2449015,51008,1043
2449020,54720,904
2449025,51840,1307
2449030,54464,1647
2449040,58144,2541
2449048,64742,4917
2449058,50390,75423
2449070,63936,4723
2449075,52949,1557
2449080,57984,949
2449085,62848,723
2449095,72909,1388
2449100,68864,762
2449105,54912,1126
2449113,50912,1476
2449125,60672,1031
2449130,59264,450
2450005,54656,894
2450013,53248,424
2450023,60032,1157
2450030,57216,831
2450035,59264,575
2450042,56448,2331
2450050,55936,959
2450057,48512,501
2450065,64597,476
2450072,54528,8169
2450085,58880,327
2450090,56032,700
2450095,57216,270
2450100,52576,988
2450113,44843,2143
2450128,47275,1965
2450802,40960,449
2451008,51904,2319
2451015,39186,7152
2451020,54624,2830
2451025,51968,1196
2451030,63872,302
2451035,56704,928
2451040,43008,1330
2451045,49152,973
2451050,44288,712
2451055,39680,596
2451060,45792,1497
2451065,41216,2981
2451070,55168,1338
2451075,52736,1836
2451080,47488,953
2451085,67950,4832
2451090,70110,4541
2452007,68454,13657
2452017,63053,4787
2452030,58304,1459
2452035,41685,4189
2452040,65024,2280
2452045,59136,2049
2452050,60629,626
2452055,46816,1934
2452062,49152,1862
2452070,53632,1003
2452075,61056,227
2452080,32043,2640
2452085,50970,2635
2452090,45952,652
2452095,42816,2189
2453005,48000,817
2453010,48384,529
2453015,60416,461
2453020,63488,1803
2453025,67430,2461
2453032,61099,1669
2453040,65792,2188
2453050,34261,1642
2453052,50997,34755
2453065,71680,2771
2453072,50624,1687
2453085,51072,242
2454008,63232,5607
2454017,71296,2473
2454025,69018,2233
2454030,73574,2892
2454035,76032,2540
2454048,50905,55648
2454060,68864,2553
2454065,60160,1793
2454072,74240,3062
2454090,69163,1413
2454095,62976,1688
2454100,60928,1327
2454105,66901,861
2454110,59904,1214
2454115,57088,586
2454120,54656,712
2454125,47872,497
2455008,64512,2699
2455015,66267,2890
2455023,60599,5877
2455030,66674,1823
2455037,67136,2755
2455048,66048,10725
2455057,62848,5236
2455065,69559,4531
2456005,53931,1634
2456010,49792,1103
2456015,51744,1392
2456023,56704,2596
2456030,60288,447
2456035,56320,1980
2456042,57259,1406
2456050,60203,718
2456055,68800,2469
2456060,65696,2039
2456065,67925,2066
2456083,61904,95114
2456097,78117,3077
2456105,66458,1402
2457005,85039,29120
2457010,99641,9462
2457020,92224,17059
2457025,73618,5698
2457030,88411,8421
2457033,62944,3107
2457035,90464,18585
2457040,78555,22458
2457045,97792,2619
2457050,84928,2172
2457057,78592,1717
2457068,64448,2308
2457075,73838,1694
2458007,72570,85721
2458012,78319,21861
2458033,97401,41671
2458037,99115,26394
2458227,58626,239700
2459010,94515,29881
2459015,75599,12167
2459020,90315,21257
2459025,75955,5835
2459030,76032,523
2459035,64347,7887
2460005,55808,5913
2460013,78105,84285
2460020,72414,3439
2460028,74159,22429
2460035,60083,5493
2460040,68887,3200
2461005,69504,5891
2461013,58112,3958
2461020,54912,276
2461025,41880,20484
2461027,63616,3249
2461030,61530,9273
2461035,53602,13791
2461040,64307,3856
2461045,56800,2783
2461050,62016,2989
2462007,55312,6305
2462015,50336,4450
2462020,50448,1955
2462025,50645,3162
2462030,55040,1594
2462037,49696,11057
2462047,44113,4696
2462053,49792,928
2462055,46443,905
2462060,53010,3888
2462065,46251,2193
2462070,46336,1567
2462075,46541,2094
2462080,45824,1120
2462085,44855,2359
2462802,57557,2060
2462902,NA,0
2462904,NA,0
2462906,NA,5
2462908,NA,10
2462910,NA,0
2462912,46464,87
2462914,NA,0
2462916,NA,0
2462918,NA,0
2462919,NA,0
2462920,NA,0
2462922,NA,0
2463005,59648,1209
2463013,57691,3971
2463023,63488,1308
2463030,56384,1967
2463035,63360,5147
2463040,58944,266
2463048,61578,20786
2463055,44702,6046
2463060,56155,9953
2463065,64576,1943
2464008,78986,111575
2464015,78443,46692
2465005,70216,422993
2466007,50318,3850
2466023,50227,1704694
2466032,100153,20312
2466047,115029,5050
2466058,58935,32448
2466062,122496,6973
2466072,109540,20276
2466087,64689,18980
2466092,NA,5
2466097,80242,31380
2466102,115381,20151
2466107,123392,19324
2466112,118784,3823
2466117,67200,4958
2466127,116224,921
2466142,78981,48899
2467005,70144,2156
2467010,79842,6320
2467015,79881,24110
2467020,101205,21047
2467025,80841,7457
2467030,76090,17047
2467035,86604,27359
2467040,73216,2608
2467045,83872,13115
2467050,66407,47906
2467055,74569,2318
2467802,NA,NA
2468005,60288,1549
2468010,47360,755
2468015,62251,1900
2468020,60459,1622
2468025,63488,1960
2468030,63296,3899
2468035,72192,1927
2468040,64960,1690
2468045,70315,1321
2468050,78190,3186
2468055,62848,8061
2469005,47872,740
2469010,55296,1636
2469017,51657,2645
2469025,54016,778
2469030,66509,1186
2469037,52736,3595
2469045,48096,2103
2469050,46848,394
2469055,38101,2444
2469060,54400,1394
2469065,65792,1324
2469070,50528,2626
2469075,51072,387
2469802,32384,1202
2470005,68907,1264
2470012,66160,5461
2470022,55706,12884
2470030,75008,831
2470035,73557,1481
2470040,63616,1654
2470052,50952,40745
2471005,68864,2097
2471015,54592,759
2471020,62144,2224
2471025,74903,7934
2471033,67677,5368
2471040,80268,7044
2471045,65707,1779
2471050,81829,6777
2471055,68045,1481
2471060,62771,10756
2471065,104192,10654
2471070,81894,14558
2471075,74624,1986
2471083,77341,38117
2471090,110848,1341
2471095,131584,126
2471100,85120,5185
2471105,107251,19889
2471110,68928,1097
2471115,57664,922
2471125,72448,898
2471133,64175,7777
2471140,63680,580
2472005,67595,44008
2472010,72438,17496
2472015,81510,18074
2472020,60416,6428
2472025,80421,6687
2472032,71196,3824
2472043,58240,1686
2472802,NA,NA
2473005,74762,26884
2473010,54016,25989
2473015,91360,56863
2473020,103211,13958
2473025,112179,9352
2473030,68693,9636
2473035,69150,14421
2474005,75895,50513
2475005,81141,16019
2475017,51454,74346
2475028,66566,15690
2475040,80183,13002
2475045,67005,9113
2476008,54016,3020
2476020,44681,12862
2476025,61184,1904
2476030,61568,1567
2476035,66816,533
2476043,54955,7122
2476052,54016,2824
2476055,44971,1711
2476065,45491,846
2477011,76928,196
2477012,51456,2763
2477022,54127,12919
2477030,63565,2950
2477035,77239,3611
2477043,59285,10231
2477050,69427,4145
2477055,50304,172
2477060,51584,1381
2477065,55826,3509
2478005,55851,2870
2478010,51307,4917
2478015,48128,834
2478020,47808,1256
2478032,45244,10223
2478042,58752,387
2478047,56741,3499
2478050,NA,58
2478055,53760,628
2478060,47104,563
2478065,48128,868
2478070,45952,1484
2478075,49472,976
2478095,54144,1888
2478100,46208,744
2478102,51755,9646
2478115,56277,1337
2478120,50176,2477
2478127,NA,42
2478130,51021,1205
2478802,NA,NA
2479005,46560,1558
2479010,49237,782
2479015,40064,435
2479022,58069,790
2479025,51712,757
2479030,47232,2137
2479037,45163,4322
2479047,42944,1150
2479050,41045,791
2479060,43456,459
2479065,46677,942
2479078,47915,2734
2479088,47723,14116
2479097,48480,2706
2479105,46720,481
2479110,46976,503
2479115,37760,575
2479902,NA,0
2479904,NA,0
2479906,NA,0
2479910,NA,0
2479912,NA,0
2479914,NA,0
2479916,NA,0
2479920,NA,0
2479922,NA,5
2479924,NA,0
2479926,NA,0
2480005,42432,431
2480010,52480,983
2480015,47488,301
2480020,43264,648
2480027,48213,3749
2480037,52843,2101
2480045,58048,1088
2480050,53077,2818
2480055,58880,415
2480060,81067,856
2480065,68992,601
2480070,60544,469
2480078,58400,1542
2480085,57728,369
2480090,45184,985
2480095,57088,944
2480103,39040,764
2480110,40235,572
2480115,43392,335
2480125,40832,477
2480130,47829,431
2480135,49451,430
2480140,46592,865
2480145,48768,658
2481017,68703,276245
2482005,93440,5464
2482010,52736,727
2482015,83872,11582
2482020,110327,10699
2482025,116443,6909
2482030,77952,5850
2482035,71936,7863
2483005,57728,505
2483010,51627,982
2483015,47488,945
2483020,49792,566
2483032,44544,2462
2483040,44864,821
2483045,49344,639
2483050,54400,731
2483055,57920,520
2483060,57152,1609
2483065,37419,3853
2483070,47936,1852
2483075,54656,504
2483085,49664,421
2483088,43456,636
2483090,46549,754
2483095,41600,1161
2483802,34773,1221
2483804,NA,NA
2483902,NA,0
2483904,NA,0
2483906,NA,0
2483908,NA,0
2483912,NA,0
2484005,54059,1036
2484010,47403,1587
2484015,50517,1256
2484020,40960,234
2484025,53376,697
2484030,47445,744
2484035,46784,626
2484040,59264,459
2484045,43776,448
2484050,35968,172
2484055,42581,932
2484060,49408,1433
2484065,61664,2285
2484070,51840,378
2484082,54400,1334
2484090,43605,328
2484095,64384,141
2484100,44928,156
2484902,NA,5
2485005,65963,2431
2485010,74624,516
2485015,63744,628
2485020,54720,690
2485025,49728,2584
2485030,75008,878
2485037,54720,1272
2485045,65984,1154
2485050,63040,675
2485055,56320,326
2485060,41088,295
2485065,38656,313
2485070,40320,231
2485075,37568,187
2485080,56128,303
2485085,56960,465
2485090,47360,1052
2485095,53888,320
2485100,50240,356
2485105,50688,280
2485802,47744,274
2485803,NA,10
2485804,27840,104
2485806,41472,539
2485905,48000,82
2485907,NA,15
2486042,62994,42334
2487005,62464,666
2487010,69888,328
2487015,51776,395
2487020,59200,468
2487025,68992,1409
2487030,67072,986
2487035,64128,682
2487042,50304,963
2487050,51584,268
2487058,62763,2751
2487070,67584,373
2487075,57472,371
2487080,53120,339
2487085,67277,931
2487090,52119,7282
2487095,65280,289
2487100,61568,300
2487105,51840,157
2487110,72960,492
2487115,39424,808
2487120,52096,194
2487902,NA,0
2487904,63360,86
2488005,44928,123
2488010,45696,131
2488015,42240,207
2488022,52128,1968
2488030,77568,719
2488035,72576,967
2488040,85632,834
2488045,64320,453
2488050,83328,739
2488055,60672,12823
2488060,74624,940
2488065,70272,450
2488070,61120,538
2488075,79360,1223
2488080,57344,218
2488085,66304,787
2488090,86144,835
2488802,47424,538
2488902,NA,10
2488904,49280,136
2489008,64864,32491
2489010,89088,1419
2489015,56789,3377
2489040,48213,2868
2489045,67226,1192
2489050,51328,225
2489802,32640,274
2489804,32896,1380
2489902,NA,0
2489908,NA,0
2489910,NA,0
2489912,NA,0
2490012,51014,11001
2490017,56960,635
2490027,53376,191
2490802,43072,1213
2490804,59456,2019
2491005,44256,1196
2491010,56704,467
2491015,46720,616
2491020,60843,1765
2491025,52256,10046
2491030,54656,846
2491035,64832,2753
2491042,56930,10238
2491050,54315,1365
2491802,49216,1957
2491902,NA,36
2492005,59584,351
2492010,53248,515
2492015,60800,1050
2492022,52712,14250
2492030,61568,2262
2492040,55104,3033
2492045,48000,676
2492050,48128,381
2492055,56576,988
2492060,45312,189
2492065,60416,488
2492070,58581,373
2492902,49024,146
2492904,NA,91
2493005,49152,1028
2493012,58027,3985
2493020,54933,2491
2493025,57600,1311
2493030,63744,2801
2493035,70246,2085
2493042,56704,30776
2493045,64704,2073
2493055,63840,1321
2493060,50645,514
2493065,61344,1987
2493070,67755,821
2493075,55552,846
2493080,51776,651
2493902,NA,0
2493904,NA,0
2493906,NA,0
2493908,NA,51
2494068,58720,145949
2494205,44160,634
2494210,58432,1201
2494215,56768,413
2494220,63168,540
2494225,67686,956
2494230,47360,439
2494235,59093,2071
2494240,70380,5757
2494245,62293,2768
2494250,53184,818
2494255,62304,3781
2494260,63104,736
2494265,63872,1486
2494926,NA,0
2494928,NA,0
2494930,NA,0
2495005,51541,799
2495010,58976,1803
2495018,57216,661
2495025,59136,1891
2495032,42240,1026
2495040,49216,598
2495045,49088,3081
2495050,42112,685
2495802,63488,297
2495902,NA,5
2496005,42944,407
2496010,40320,265
2496015,61376,313
2496020,68393,21536
2496025,72550,1918
2496030,75548,1332
2496035,54784,1563
2496040,56960,1343
2496802,33920,2256
2496902,43328,94
2497007,69376,25400
2497022,74816,6799
2497035,146560,2474
2497040,83200,155
2497802,39360,1592
2497804,45120,1542
2497806,70272,601
2497808,61312,613
2497810,NA,33
2497902,NA,0
2497904,67584,108
2497906,NA,5
2497908,NA,0
2497912,NA,0
2497914,NA,0
2498005,81664,1112
2498010,67584,681
2498012,59264,445
2498014,54528,428
2498015,75840,856
2498020,56704,218
2498025,63360,263
2498030,55936,245
2498035,59008,86
2498040,84992,3460
2498045,78080,434
2498050,62208,215
2498055,48256,279
2498802,60288,237
2498804,39936,977
2498806,73472,835
2498808,62656,552
2498904,NA,0
2498912,NA,0
2499005,79104,2187
2499010,NA,0
2499015,90880,1453
2499020,67174,1499
2499025,71899,7504
2499030,NA,0
2499035,NA,0
2499040,NA,0
2499045,NA,0
2499050,NA,0
2499055,NA,0
2499060,62528,1589
2499065,NA,0
2499070,NA,0
2499075,60480,686
2499080,80000,442
2499085,75456,1757
2499090,87296,942
2499095,100416,2754
2499100,82432,369
2499105,74624,209
2499110,68608,567
2499115,61312,403
2499120,67072,1779
2499125,59776,633
2499130,75520,750
2499135,91136,1483
2499140,66432,414
2499802,76352,1759
2499804,92928,3523
2499806,90453,2196
2499808,87296,760
2499810,105216,866
2499812,102144,1444
2499814,114381,4872
2499816,102144,984
2499818,88576,737
2499877,NA,0
2499878,NA,0
2499879,NA,0
2499883,NA,0
2499887,NA,0
2499888,NA,0
2499889,NA,0
2499890,NA,0
2499891,NA,0
2499892,NA,0
2499893,NA,0
2499894,NA,0
2499895,NA,0
2499902,NA,0
2499904,NA,0
3501005,76702,13150
3501007,32320,1487
3501011,76092,13110
3501012,46564,46589
3501020,65067,10833
3501030,78192,11278
3501042,76544,6873
3501050,59456,10109
3502001,66752,3296
3502008,42001,10263
3502010,72521,8706
3502023,70873,9680
3502025,87531,12808
3502036,88823,24512
3502044,83014,3548
3502048,105488,16520
3506008,85981,934243
3507004,70940,7093
3507006,78778,7353
3507008,46293,4222
3507014,78455,9854
3507015,51168,21346
3507017,73344,2607
3507021,76300,9465
3507024,55296,5159
3507033,50176,590
3507040,71801,10326
3507042,71936,3013
3507052,72192,3067
3507065,89869,16451
3509001,74923,3761
3509004,47104,8780
3509010,81303,7773
3509015,77686,5665
3509021,52429,5930
3509024,102707,7644
3509028,71481,10644
3509030,84173,13163
3509039,67669,5338
3510005,80512,1760
3510010,67485,123798
3510020,89457,18646
3510035,56550,4373
3510045,51942,1898
3511005,80691,16971
3511015,64213,15892
3511030,77520,7702
3511035,48128,2323
3512001,81408,4297
3512002,50458,1774
3512004,43392,2524
3512005,59374,50716
3512015,66907,43577
3512020,66752,4882
3512026,62464,4774
3512030,54549,6044
3512036,63539,2078
3512046,50586,3953
3512048,45952,586
3512051,42880,346
3512054,48640,670
3512058,53632,1401
3512061,46336,3881
3512065,54208,864
3512076,55552,4078
3513020,66140,24735
3514004,68683,11844
3514014,70505,6355
3514019,88124,10942
3514020,72435,16753
3514021,64328,19440
3514024,85837,6869
3514027,41088,495
3514045,59663,12900
3515003,65024,4109
3515005,79760,6670
3515008,47488,362
3515013,90957,8829
3515014,58127,81032
3515015,79349,17060
3515019,39040,1059
3515023,80352,6709
3515030,54571,4530
3515037,57792,2479
3515044,68498,5397
3516010,67187,75423
3518001,99701,91771
3518005,96949,119677
3518009,103809,128377
3518013,70211,159458
3518017,95753,92013
3518020,90478,21617
3518022,51072,131
3518029,98991,21176
3518039,73072,11642
3519028,105351,306233
3519036,89028,328966
3519038,88353,195022
3519044,102997,45837
3519046,106708,55445
3519048,95589,84224
3519049,118309,24512
3519054,104716,23991
3519070,81695,45418
3519076,44160,261
3520005,65829,2731571
3521005,83018,721599
3521010,87290,593638
3521024,113651,66502
3522001,118613,2579
3522008,102699,4079
3522010,80691,2956
3522012,117325,8609
3522014,85241,28900
3522016,97344,3478
3522019,79206,3008
3522021,79219,8126
3523001,111808,7336
3523008,77984,131794
3523009,110165,12854
3523017,105267,11439
3523025,85149,28191
3523033,87904,10527
3523043,67696,8671
3523050,63712,11914
3524001,113666,193832
3524002,93588,183314
3524009,104730,110128
3524015,106349,61161
3525005,69024,536917
3526003,60800,30710
3526011,57244,18306
3526014,80205,6372
3526021,91325,14500
3526028,95052,17110
3526032,56981,52293
3526037,64650,18801
3526043,60727,88071
3526047,85466,17511
3526053,59256,133113
3526057,86816,23787
3526065,93145,27314
3528018,76117,45608
3528035,45696,135
3528037,NA,NA
3528052,67338,64044
3529005,90226,36707
3529006,62640,97496
3529020,NA,NA
3529021,NA,605
3530004,111078,10215
3530010,77757,129920
3530013,70774,233222
3530016,83045,104986
3530020,96154,20545
3530027,97195,11260
3530035,97113,25006
3531011,64772,31465
3531013,90880,3810
3531016,73399,7265
3531025,75072,8865
3531030,77837,12261
3531040,70077,13130
3532002,78476,11001
3532004,58418,15872
3532012,82509,7664
3532018,74103,12757
3532027,86579,8138
3532038,80674,7129
3532042,68213,40902
3532045,90396,7399
3534005,65254,7396
3534010,75591,9292
3534011,56806,7492
3534020,88765,12607
3534021,59755,38909
3534024,83942,4421
3534030,73312,3866
3534042,59008,4995
3536020,58264,101647
3536029,40704,395
3537001,59776,235
3537003,62313,27595
3537013,77429,21552
3537016,71936,20427
3537028,83712,21936
3537034,102259,30180
3537039,55450,217188
3537048,94519,23229
3537064,97064,36611
3538003,86112,14086
3538004,28736,1589
3538007,70571,1967
3538015,67456,2411
3538016,89728,2796
3538018,76288,648
3538019,72741,5742
3538025,34483,639
3538030,66050,71594
3538031,74752,2037
3538035,91451,7795
3538040,67264,10631
3538043,72277,3692
3538056,35968,1011
3539002,56192,466
3539005,64000,5723
3539015,71582,20867
3539017,NA,NA
3539018,NA,153
3539021,NA,NA
3539027,94906,13191
3539033,108971,17262
3539036,62011,383822
3539041,78426,6352
3539047,85632,2990
3539060,84829,4700
3540005,64267,10096
3540010,73700,7136
3540025,67093,7576
3540028,60103,7628
3540040,65664,9138
3540046,65216,3873
3540050,70208,3496
3540055,62432,4932
3540063,70496,5422
3541004,71270,5639
3541015,75456,7069
3541024,86363,11389
3541032,67597,9461
3541043,63687,6803
3541045,87916,13715
3541055,57766,8416
3541056,NA,0
3541057,36651,1041
3541060,29568,615
3541069,59776,3999
3542004,63450,12518
3542005,67959,7354
3542015,67447,9804
3542029,54869,7688
3542037,66202,6630
3542045,78490,7025
3542047,65792,10991
3542053,77861,10479
3542059,51042,21341
3543003,100523,10975
3543005,78519,14151
3543007,85988,34242
3543009,99553,19059
3543014,93254,35325
3543015,77009,13477
3543017,83516,36566
3543019,72160,9488
3543021,87243,21083
3543023,95667,21036
3543031,64369,21793
3543042,77904,141434
3543050,44800,878
3543052,55802,31166
3543064,62150,20675
3543068,69915,11787
3543069,32608,614
3543070,NA,42
3543071,65190,10033
3543072,59738,8962
3543074,54878,16864
3544002,59648,12311
3544018,69461,16010
3544027,69888,3167
3544042,69332,19816
3544053,74791,6588
3544065,67904,2499
3544071,NA,NA
3544073,47232,208
3546005,49451,3343
3546015,58935,6088
3546018,60877,2351
3546024,60848,6280
3547002,61810,8795
3547003,81067,7178
3547008,64768,2518
3547020,51072,1503
3547030,52679,4123
3547033,50592,2420
3547035,54240,3674
3547037,35648,440
3547043,70144,2935
3547046,76224,2887
3547048,48427,8223
3547056,67157,7009
3547064,51051,13882
3547070,68139,2915
3547075,79381,9387
3547076,86048,17187
3547090,79411,2961
3547096,90321,4109
3547098,62592,248
3548001,49835,1096
3548013,59264,1016
3548019,77312,161
3548021,45696,1993
3548022,48768,516
3548027,67285,1975
3548031,62720,1291
3548034,92199,4750
3548044,60731,51553
3548055,55390,14364
3548069,52045,802
3548072,51840,153
3548073,49728,1593
3548091,NA,103
3548094,61056,1784
3549003,71296,4304
3549005,67712,531
3549012,54272,824
3549014,58069,2454
3549018,56661,882
3549019,59648,1414
3549022,40288,981
3549024,57344,648
3549028,66368,1111
3549031,81115,2702
3549032,51153,6408
3549036,73173,1125
3549039,61696,916
3549043,54336,1390
3549046,60672,1439
3549048,50624,961
3549051,50816,304
3549054,62464,882
3549056,40576,1114
3549060,66133,3455
3549066,86455,3863
3549071,70229,1707
3549072,33280,195
3549073,43008,317
3549075,NA,5
3549076,33408,117
3549077,50944,344
3549078,NA,101
3549095,67584,187
3549096,48032,2143
3551001,50432,436
3551006,59328,2084
3551011,63189,1013
3551017,60288,2712
3551021,68779,603
3551026,56149,867
3551027,56960,490
3551028,56192,343
3551034,NA,0
3551040,38656,456
3551041,40448,372
3551042,28800,134
3551043,31040,2500
3551044,31168,137
3551045,30784,884
3551094,44672,169
3551100,NA,55
3552001,60928,2662
3552004,57280,1269
3552013,68147,2656
3552023,62933,3214
3552026,67738,4996
3552028,64992,620
3552031,81664,342
3552036,58368,386
3552051,55552,386
3552052,48000,190
3552053,NA,21
3552054,NA,85
3552058,NA,0
3552092,72128,1964
3552093,68736,2755
3553005,71805,161531
3553040,56704,116
3554001,67840,595
3554006,55552,313
3554008,42880,1128
3554014,87552,545
3554020,60789,9920
3554021,86144,503
3554024,63872,358
3554026,72448,551
3554029,77056,368
3554032,NA,97
3554034,60160,223
3554036,65579,1166
3554038,50560,112
3554042,59264,420
3554044,68352,686
3554049,72576,449
3554052,56768,1479
3554054,63872,332
3554056,57216,225
3554057,NA,61
3554058,47232,609
3554062,60459,730
3554066,89088,138
3554068,53504,7981
3554091,NA,5
3554094,66099,3257
3556014,64640,2438
3556027,73541,41788
3556031,64400,4537
3556033,39424,144
3556042,65654,5321
3556048,57792,1330
3556052,54912,536
3556056,73830,1231
3556066,60019,8292
3556070,66560,762
3556073,52096,226
3556076,64064,5070
3556077,56405,648
3556091,NA,0
3556092,80320,2865
3556093,57472,759
3556094,57173,1560
3556095,37504,590
3556096,NA,0
3556098,NA,10
3556100,NA,0
3556102,NA,94
3556106,73370,1481
3557001,62272,313
3557004,68864,307
3557006,41984,171
3557008,71270,1240
3557011,87680,1047
3557014,88320,534
3557016,56320,751
3557019,55979,660
3557021,51200,582
3557026,45440,124
3557028,53760,1286
3557035,55552,1664
3557038,53222,3472
3557039,40661,712
3557040,61440,497
3557041,42466,10741
3557051,74496,1609
3557061,61020,73368
3557066,99584,1010
3557071,34944,1140
3557072,39808,371
3557073,40576,411
3557074,40896,1125
3557075,NA,NA
3557076,66752,2905
3557077,NA,NA
3557078,NA,77
3557079,84224,613
3557091,74752,645
3557094,NA,0
3557095,61277,5739
3557096,99584,980
3558001,87424,2055
3558003,41728,981
3558004,66163,107909
3558011,96981,5922
3558012,66944,474
3558016,89856,663
3558019,89856,819
3558028,96939,2798
3558034,79360,316
3558041,69376,895
3558044,57062,1642
3558051,70528,1059
3558054,75328,1611
3558059,82816,3273
3558060,32064,197
3558061,NA,125
3558062,53120,443
3558063,NA,89
3558064,46208,293
3558065,NA,247
3558066,66048,1937
3558067,39808,210
3558068,27168,385
3558069,43008,184
3558075,63488,4636
3558076,42112,366
3558077,NA,0
3558080,NA,90
3558085,50176,232
3558090,70886,5872
3558095,NA,0
3558097,NA,325
3558100,NA,0
3559001,58598,2753
3559011,101120,969
3559012,62928,7739
3559016,82176,938
3559019,75593,1333
3559024,71040,638
3559026,35072,283
3559030,NA,5
3559031,71680,481
3559040,61312,468
3559042,59520,807
3559047,55936,230
3559048,NA,0
3559051,40320,235
3559052,NA,10
3559053,41856,98
3559060,14112,177
3559061,NA,115
3559062,NA,0
3559063,50688,810
3559064,50133,157
3559065,NA,0
3559066,31488,263
3559068,38912,211
3559069,NA,5
3559090,81664,1385
3560001,60928,1202
3560004,46336,575
3560005,NA,96
3560007,NA,0
3560008,70400,567
3560010,73331,15096
3560021,70464,971
3560024,30016,224
3560027,70493,7749
3560032,86592,995
3560034,85146,5272
3560042,106411,4107
3560046,45696,187
3560049,80896,388
3560050,43136,1404
3560051,48512,1501
3560052,50560,252
3560053,43552,1014
3560054,40832,565
3560055,44629,435
3560056,42432,974
3560057,35776,168
3560058,23851,638
3560059,50624,886
3560060,NA,95
3560061,25259,827
3560063,28096,371
3560064,33664,151
3560065,NA,62
3560066,35456,421
3560067,57685,473
3560068,25504,391
3560069,34816,140
3560070,43136,867
3560071,39552,2017
3560075,25344,1024
3560076,48000,514
3560077,NA,NA
3560078,62848,361
3560079,54485,778
3560080,37461,293
3560081,NA,0
3560082,NA,71
3560083,NA,124
3560084,NA,70
3560085,46848,593
3560086,48896,382
3560088,45056,440
3560089,39552,194
3560090,78196,6737
3560091,47040,195
3560093,46208,237
3560095,43802,355
3560096,62080,849
3560097,45568,281
3560098,74496,511
3560100,NA,22
3560102,NA,0
3560104,60992,421
4601035,48256,1648
4601039,45261,1726
4601043,61824,1338
4601046,63104,1557
4601051,81152,1504
4601057,73323,3121
4601060,49101,1089
4601070,NA,481
4601071,62720,3333
4601075,53632,1316
4601078,57216,398
4601079,NA,0
4601082,NA,0
4601094,77141,1023
4602024,56192,2537
4602026,NA,114
4602027,13168,558
4602032,76698,3580
4602037,66091,1170
4602041,74784,15733
4602044,61355,15829
4602046,90675,4610
4602053,70563,6076
4602057,71799,5003
4602061,68160,2114
4602069,94650,11568
4602075,95923,6679
4603030,71595,1260
4603040,59341,4212
4603041,69043,5945
4603047,76256,9038
4603050,60436,12591
4603053,63344,8668
4603058,60288,1422
4603062,64896,1129
4603065,76069,3047
4603067,63872,1885
4603072,77824,2435
4603074,59179,3164
4604034,58898,2347
4604040,56448,1918
4604052,55296,1308
4604057,54016,1025
4604064,60774,3041
4604068,24000,347
4605025,60971,3429
4605032,61888,2353
4605038,60928,1489
4605044,69803,674
4605052,61824,1042
4605056,73933,1175
4605062,69248,1561
4605071,59776,1453
4606016,70656,1256
4606023,70059,1458
4606029,20288,305
4606031,74547,2948
4606034,67430,3322
4606040,22864,1028
4607039,65280,1565
4607046,81728,1690
4607052,63040,2562
4607057,90624,1661
4607060,86458,4520
4607062,65960,48859
4607066,80640,2745
4607068,65408,1738
4607071,94635,1273
4607076,63061,2133
4608032,65280,1751
4608042,56256,1514
4608046,62677,3853
4608055,51264,1181
4608060,53472,3154
4608069,24128,2515
4609018,63104,2648
4609024,77852,6975
4609025,22080,1232
4609026,NA,76
4609027,21568,156
4609029,58368,13304
4610035,117248,7162
4610043,87142,3368
4610052,108544,1411
4611040,68402,705244
4611042,124544,3579
4612047,99716,15342
4612054,80704,5122
4612056,59776,3219
4613032,130534,9372
4613037,109440,5368
4613043,93999,11913
4613047,60732,10278
4613049,61696,763
4613056,86912,10876
4613062,33856,516
4614015,88218,1372
4614031,82592,3416
4614036,88422,7823
4614039,99379,4809
4614042,54741,1201
4615020,69440,4609
4615032,67328,1626
4615037,60928,1225
4615042,15264,411
4615047,73600,887
4615049,NA,5
4615056,66194,2088
4615063,53856,1948
4615067,24064,386
4615070,62080,1622
4615071,33664,346
4615072,NA,46
4615074,69376,1189
4615075,61216,2449
4615078,54144,1672
4615092,51584,870
4616005,42816,976
4616017,21568,1365
4616020,67157,1420
4616025,NA,78
4616030,67712,2442
4616046,29504,353
4616048,51344,3214
4617026,41344,1247
4617029,28096,1341
4617035,44160,892
4617041,51200,1712
4617048,70592,2388
4617050,51419,8457
4617054,50432,1470
4617058,52181,1482
4617064,42368,607
4617072,50848,1145
4617075,53760,1363
4617092,87296,101
4618031,61525,6181
4618034,50381,1145
4618037,54144,1792
4618040,56448,1338
4618044,59878,1254
4618055,30064,874
4618056,47584,2162
4618060,56448,1359
4618063,29376,288
4618067,28736,1169
4618068,49152,1708
4618074,54016,1232
4618076,57152,3378
4618091,58411,156
4618093,NA,0
4619045,43840,2804
4619050,30592,1929
4619051,24256,810
4619052,33664,687
4619053,35968,582
4619054,22208,698
4619056,35456,1473
4619058,NA,58
4619059,36736,2704
4619060,NA,0
4619061,27814,207
4619062,NA,0
4619065,NA,5
4619068,44032,444
4619069,32512,373
4619070,27840,631
4619071,NA,23
4619072,28256,810
4619075,31552,866
4619077,41472,1128
4619079,20288,271
4619082,NA,15
4620032,36992,419
4620042,63808,2829
4620048,49664,4014
4620051,60736,1653
4620055,41280,559
4620066,NA,82
4620069,NA,65
4621025,77312,268
4621027,40064,868
4621029,40576,1252
4621033,50304,210
4621034,NA,39
4621035,NA,18
4621040,109312,294
4621043,48256,2473
4621045,74035,5369
4621052,86016,2424
4621058,43648,1124
4621064,75742,4982
4621071,95104,899
4621078,95061,1763
4622017,NA,0
4622026,96465,13678
4622046,70528,2539
4622048,37077,2591
4622049,29760,982
4622050,37120,1950
4622051,48448,1607
4622052,41088,1922
4622055,32288,643
4622056,35968,675
4622058,46793,4927
4622059,52160,2547
4622063,61600,2044
4622064,NA,106
4622065,41216,443
4622067,56704,846
4622800,35712,1403
4622801,43315,3262
4622802,NA,0
4623022,135680,1265
4623025,NA,0
4623027,41344,156
4623034,53888,582
4623037,51712,981
4623039,NA,10
4623047,56960,494
4623056,65280,899
4623058,26464,324
4623060,NA,0
4623062,51968,406
4623064,36992,1724
4623065,28608,383
4623067,34304,728
4623071,47936,1019
4623800,NA,0
4701001,87936,290
4701002,65408,254
4701004,70016,240
4701006,91904,414
4701008,87723,1099
4701011,86272,459
4701012,78080,154
4701014,98752,1328
4701016,117504,368
4701017,85760,160
4701018,105728,115
4701019,79104,110
4701021,97024,762
4701022,126080,1370
4701024,96945,11483
4701027,108672,472
4701031,95744,375
4701032,100352,675
4701036,96768,379
4701037,83115,369
4701039,83712,344
4701041,83328,120
4701043,84736,292
4701044,89856,108
4701047,78848,523
4701049,69717,1042
4701053,77696,492
4701054,61184,295
4701056,86784,1508
4701058,84608,267
4701059,83840,657
4701061,64384,153
4701063,105728,271
4701064,NA,55
4701066,77056,649
4701067,NA,44
4701069,78848,291
4701072,74752,230
4701076,82944,571
4701077,56960,216
4701078,53568,543
4701079,91264,234
4701091,64384,326
4701094,65792,324
4701096,57728,348
4701098,NA,40
4701808,50880,691
4701809,20032,185
4701810,NA,0
4701812,NA,0
4701813,NA,0
4701814,NA,0
4701815,NA,0
4701816,NA,5
4701817,NA,5
4701818,NA,5
4701819,NA,56
4702001,89472,309
4702002,85760,255
4702006,94123,249
4702008,NA,45
4702011,56704,242
4702012,NA,30
4702014,63488,217
4702016,NA,55
4702018,62080,139
4702023,50816,332
4702024,65792,281
4702026,73472,199
4702028,52032,111
4702029,96000,296
4702031,69632,807
4702033,79616,296
4702036,NA,30
4702037,88832,549
4702038,82560,119
4702039,88320,604
4702041,99584,269
4702042,81792,438
4702044,108928,1064
4702047,78592,10870
4702048,96512,121
4702051,71936,312
4702052,61312,233
4702054,56960,232
4702057,57984,255
4702058,52608,403
4702061,69632,226
4702062,81152,393
4702066,86272,245
4702067,76416,699
4702069,95744,195
4702071,67840,189
4702072,86272,478
4702073,73216,371
4702076,66304,223
4702077,NA,20
4702078,63872,311
4702079,72704,113
4702800,NA,0
4703001,92928,252
4703004,89728,643
4703006,70656,195
4703009,52352,441
4703011,68352,377
4703012,NA,20
4703016,NA,72
4703018,63232,292
4703019,45696,205
4703022,65344,336
4703026,67200,306
4703028,62592,272
4703029,63488,391
4703034,93056,279
4703036,61056,2389
4703038,81664,319
4703041,58240,115
4703042,74112,433
4703044,53504,382
4703048,69376,283
4703051,47360,111
4703052,NA,70
4703054,69120,412
4703058,51840,563
4703059,63104,465
4703061,NA,87
4703062,65024,134
4703064,79616,180
4703068,78848,472
4703071,58240,1083
4703074,66304,240
4703092,52608,360
4703093,76544,170
4703096,61312,241
4703801,NA,20
4704002,57856,126
4704003,64448,413
4704006,71936,150
4704008,NA,20
4704009,57696,195
4704011,83712,326
4704012,69888,372
4704019,77568,379
4704021,NA,73
4704024,82688,478
4704026,55680,503
4704028,77568,205
4704029,36224,92
4704034,86869,364
4704036,64341,1714
4704038,80896,366
4704045,71424,1068
4704048,57728,2084
4704050,57216,302
4704054,87296,444
4704056,NA,58
4704058,73344,394
4704061,76800,546
4704802,39680,182
4705001,89856,470
4705002,NA,84
4705004,69056,2743
4705006,44928,133
4705007,71424,289
4705009,70656,326
4705011,81152,410
4705014,65792,444
4705016,68672,1074
4705018,62720,383
4705019,59008,211
4705021,55552,182
4705024,61824,854
4705027,63840,372
4705028,68480,488
4705029,54400,1099
4705031,50048,552
4705033,68608,299
4705034,57472,862
4705037,91392,507
4705038,95616,863
4705041,88576,323
4705042,60800,91
4705043,68352,168
4705044,94720,136
4705047,94464,557
4705048,77056,1165
4705049,NA,57
4705050,NA,37
4705051,97536,781
4705052,88576,2502
4705053,NA,30
4705054,NA,38
4705055,108288,112
4705056,71168,352
4705057,66304,512
4705058,NA,61
4705059,55104,211
4705060,NA,19
4705061,NA,15
4705062,NA,65
4705063,64000,365
4705064,42112,263
4705066,54656,313
4705067,70400,505
4705068,NA,30
4705069,NA,40
4705071,NA,30
4705073,79104,867
4705074,61504,4562
4705077,80000,712
4705078,65792,484
4705079,73344,372
4705093,77312,619
4705094,89600,896
4705096,NA,65
4705803,37248,540
4705804,30400,502
4705805,27072,147
4705806,34560,426
4705807,77056,111
4705808,NA,24
4705814,NA,0
4705818,NA,0
4705821,NA,0
4705822,NA,0
4705823,NA,0
4705824,NA,0
4705825,NA,0
4705826,NA,0
4706001,66304,483
4706002,53760,490
4706003,NA,83
4706004,86784,674
4706006,73216,205
4706007,76032,385
4706008,83968,358
4706009,74496,217
4706011,102144,1232
4706013,94976,315
4706014,112896,264
4706016,96512,250
4706017,82176,540
4706018,72960,159
4706019,NA,70
4706021,106240,508
4706022,NA,85
4706023,99499,587
4706026,91563,974
4706027,81832,215106
4706028,142848,649
4706029,137318,4490
4706030,160597,3099
4706031,117931,2137
4706032,124006,1765
4706033,99328,233
4706034,90027,1275
4706036,76288,639
4706037,94720,405
4706038,86272,336
4706039,70784,1910
4706041,57856,119
4706042,73216,362
4706045,87936,222
4706046,42240,204
4706047,51584,587
4706048,86400,855
4706049,57088,216
4706050,80640,312
4706051,56064,2027
4706052,91819,156
4706053,121754,1938
4706054,NA,67
4706055,119552,612
4706056,112512,1824
4706057,NA,30
4706058,84352,1145
4706059,88320,559
4706060,77568,79
4706061,81152,399
4706062,NA,45
4706063,67328,322
4706064,75776,90
4706065,NA,51
4706067,58560,247
4706068,72576,98
4706069,NA,35
4706070,90624,1016
4706071,82944,732
4706072,80640,258
4706073,57088,113
4706074,57856,800
4706075,109824,88
4706076,NA,18
4706077,NA,71
4706078,97024,214
4706079,58624,246
4706080,NA,67
4706081,90624,132
4706082,NA,28
4706085,NA,74
4706091,77056,503
4706092,71253,804
4706093,NA,58
4706094,58112,564
4706096,54528,381
4706097,50048,200
4706098,55680,345
4706099,51328,200
4706809,34176,516
4706810,22016,443
4706811,28864,569
4706812,24512,517
4706813,29504,275
4706814,NA,137
4706815,28160,175
4706816,38080,491
4706818,34048,175
4706820,NA,88
4706828,NA,0
4706829,NA,15
4707001,85632,620
4707004,NA,101
4707006,NA,90
4707008,NA,30
4707011,70784,205
4707012,NA,20
4707014,72448,346
4707016,52864,172
4707018,82688,563
4707020,NA,72
4707021,75008,806
4707022,79616,277
4707023,NA,53
4707024,76800,427
4707026,50816,856
4707027,51669,242
4707028,NA,15
4707029,54912,113
4707031,50560,229
4707032,59520,149
4707034,67413,261
4707036,89088,576
4707037,67482,994
4707038,99413,1163
4707039,68083,33890
4707042,110336,297
4707043,83200,113
4707044,NA,97
4707045,128512,118
4707046,NA,15
4707047,68608,195
4707048,NA,55
4707049,59520,119
4707051,85760,169
4707053,67968,226
4707054,51712,372
4707058,76544,140
4707059,67584,289
4707062,53248,228
4707063,74496,380
4707066,71424,226
4707067,68096,475
4707068,NA,48
4707071,70656,192
4707072,53888,130
4707074,NA,77
4707076,80128,198
4707077,48000,75
4707091,70912,259
4707092,53504,392
4707093,NA,40
4708001,90752,1932
4708004,72998,16604
4708006,91392,541
4708008,NA,50
4708009,81280,201
4708011,65152,1046
4708012,34176,152
4708016,86272,136
4708018,NA,30
4708021,71936,110
4708022,77568,147
4708024,80128,330
4708026,72960,249
4708028,71680,208
4708029,62464,106
4708031,95744,477
4708032,60352,390
4708034,68864,130
4708036,NA,45
4708038,85760,415
4708039,67072,91
4708042,80640,535
4708044,55296,449
4708046,76032,370
4708048,48256,129
4708049,NA,69
4708053,75776,154
4708054,46720,94
4708056,96128,249
4708057,45696,154
4708058,73088,863
4708059,NA,30
4708061,89344,109
4708062,69632,378
4708065,89344,481
4708068,70400,524
4708071,90368,342
4708074,104448,396
4708076,70656,1061
4708092,81579,445
4708094,78976,496
4709001,50048,370
4709002,33024,90
4709006,68693,852
4709009,46976,170
4709011,85888,1875
4709012,67735,16343
4709014,80640,185
4709016,59563,502
4709019,58752,364
4709023,48683,315
4709024,43200,105
4709028,41856,323
4709029,68608,747
4709032,47616,2024
4709033,57984,421
4709037,69888,548
4709038,37504,86
4709039,46112,1898
4709042,49280,220
4709044,34517,285
4709046,67840,390
4709049,59392,301
4709053,35840,218
4709054,52096,325
4709056,NA,80
4709058,45440,273
4709060,45696,515
4709061,34560,172
4709062,59008,919
4709064,42453,1125
4709065,NA,65
4709066,45696,644
4709067,48128,592
4709069,43776,90
4709071,NA,70
4709072,40832,434
4709075,52608,281
4709076,NA,25
4709819,22400,748
4709820,27840,491
4709821,35072,143
4709822,NA,5
4709824,NA,0
4709826,NA,0
4709828,NA,0
4709830,NA,0
4709832,NA,5
4710002,NA,35
4710003,58752,374
4710004,42496,701
4710008,42880,305
4710009,40832,217
4710011,NA,46
4710012,37760,95
4710014,55936,343
4710022,54400,196
4710024,61312,531
4710027,61056,575
4710028,23648,101
4710029,50560,213
4710031,44992,405
4710034,NA,24
4710035,NA,10
4710036,54272,586
4710038,50752,1141
4710041,62976,391
4710043,43136,90
4710046,70912,519
4710047,55808,1798
4710051,NA,15
4710052,84224,220
4710054,53248,96
4710056,88832,502
4710058,70400,450
4710061,73984,415
4710062,55680,697
4710064,51840,387
4710066,55680,368
4710068,49280,1288
4710071,64256,765
4710072,35456,83
4710822,19763,436
4710823,23296,837
4710824,39296,148
4710825,29248,729
4710826,23552,406
4710828,NA,5
4710832,NA,0
4710834,NA,0
4710836,NA,0
4710838,NA,0
4710840,NA,5
4710842,NA,0
4710843,NA,0
4710844,NA,0
4710845,NA,0
4710846,NA,0
4710847,NA,5
4710848,NA,0
4710849,NA,5
4710850,NA,5
4710851,NA,0
4710852,NA,0
4710854,NA,0
4711002,39424,83
4711003,68181,275
4711004,50176,194
4711006,89344,191
4711007,NA,30
4711008,58496,360
4711009,NA,78
4711011,80128,250
4711014,66304,1048
4711016,95488,255
4711018,74240,327
4711019,62592,337
4711021,67840,107
4711022,NA,40
4711024,NA,52
4711026,81152,466
4711027,63019,2279
4711028,NA,85
4711029,NA,76
4711031,92416,526
4711032,69376,511
4711034,62592,310
4711036,60160,282
4711038,NA,65
4711039,85248,224
4711041,55296,127
4711042,86784,135
4711044,51371,404
4711046,78421,529
4711048,62720,197
4711049,86784,1377
4711052,77056,290
4711053,66304,1900
4711054,61312,314
4711056,57472,244
4711058,NA,35
4711059,71168,242
4711060,127360,148
4711061,142541,2404
4711063,84608,611
4711064,111872,288
4711065,116443,8568
4711066,79001,246376
4711067,90965,1496
4711068,110558,11020
4711069,93901,2006
4711070,111232,9645
4711071,84224,166
4711072,87637,644
4711073,102400,1826
4711075,89344,1237
4711076,92032,269
4711077,108288,410
4711078,68864,99
4711079,81152,451
4711091,73472,338
4711092,72832,185
4711094,NA,60
4711096,85760,480
4711828,52352,451
4712001,89856,302
4712004,97536,522
4712006,72448,2451
4712008,NA,80
4712011,92416,327
4712012,47488,167
4712014,NA,79
4712016,56064,289
4712019,NA,68
4712020,83968,539
4712022,46592,160
4712026,81664,712
4712029,92416,193
4712031,NA,25
4712032,60672,193
4712034,82432,366
4712038,74624,337
4712042,80128,798
4712046,63168,2226
4712050,75520,445
4712051,51136,334
4712052,NA,60
4712054,99968,2840
4712056,80896,1038
4712058,97920,462
4712059,80384,639
4712064,59264,595
4712069,67072,248
4712072,71936,201
4712078,83456,1154
4712079,82304,4429
4712829,25280,519
4712830,26048,478
4712832,NA,67
4712833,39808,643
4712837,NA,0
4713002,93696,142
4713004,NA,25
4713006,108800,1049
4713008,85461,4571
4713009,82176,124
4713011,62848,241
4713014,73472,166
4713016,64000,130
4713019,90880,247
4713021,NA,35
4713022,NA,60
4713024,103680,253
4713026,92757,305
4713028,98048,344
4713029,82176,215
4713031,83840,164
4713032,78592,348
4713038,85760,205
4713039,NA,60
4713041,93696,268
4713042,85504,1026
4713044,67072,623
4713046,94848,244
4713049,105728,590
4713051,93696,1374
4713053,NA,52
4713054,63104,143
4713056,80256,399
4713059,69376,375
4713062,NA,73
4713064,88384,257
4713067,57472,152
4713068,84992,506
4713069,67840,1219
4713072,93184,423
4713074,73600,2573
4713076,62720,216
4713078,NA,41
4713079,95616,573
4713091,69632,297
4713092,74069,553
4713094,75904,379
4713096,85120,364
4713098,59520,573
4713835,24384,547
4713836,28608,700
4714001,68416,1114
4714004,54656,1397
4714006,54144,803
4714007,54144,862
4714009,NA,40
4714021,58112,398
4714022,43597,834
4714023,48256,422
4714024,49344,282
4714025,NA,45
4714026,72704,453
4714028,50304,244
4714030,NA,76
4714032,52032,661
4714034,56064,431
4714035,69632,596
4714036,48768,166
4714038,56021,851
4714039,66304,101
4714041,58624,201
4714043,91502,911
4714044,57952,3235
4714047,72789,918
4714048,NA,15
4714049,51328,387
4714051,62144,5992
4714053,65408,630
4714056,77568,586
4714058,NA,55
4714059,83046,343
4714061,70656,194
4714062,63360,312
4714067,78251,1000
4714068,92416,89
4714069,62976,973
4714072,79445,1004
4714073,36480,65
4714074,50304,198
4714076,54601,4401
4714077,57344,1471
4714079,46624,355
4714091,NA,50
4714092,47616,359
4714093,49280,182
4714839,35648,424
4714840,40832,334
4714841,27200,436
4714842,26240,321
4714843,NA,50
4714845,39552,829
4714846,NA,0
4715001,88960,773
4715002,78592,285
4715003,71424,97
4715004,77056,430
4715005,71424,210
4715006,83200,284
4715007,95360,935
4715008,71979,5869
4715011,77568,467
4715012,57728,611
4715014,74496,466
4715016,67840,167
4715017,64128,384
4715018,127488,1379
4715019,95232,622
4715026,89856,1387
4715027,76715,688
4715028,73088,1213
4715029,55040,267
4715031,87296,2300
4715032,62336,1688
4715034,82048,874
4715036,66901,345
4715038,NA,60
4715039,73984,675
4715041,55808,814
4715042,47680,922
4715043,NA,72
4715044,61568,598
4715045,NA,65
4715046,48512,84
4715047,65408,241
4715048,92928,587
4715049,83200,667
4715051,83328,732
4715052,NA,60
4715054,55424,565
4715057,72192,1086
4715059,71424,415
4715061,74240,1004
4715062,58496,569
4715064,86089,3562
4715066,67248,35926
4715067,75264,656
4715068,71680,1033
4715070,78208,840
4715071,71296,554
4715072,46720,197
4715074,63808,654
4715075,81152,915
4715076,76288,289
4715079,97536,727
4715085,NA,86
4715091,NA,50
4715092,67072,175
4715094,103125,3375
4715098,37504,154
4715099,74581,895
4715844,30784,680
4715845,42880,1323
4715847,38336,647
4715848,42944,309
4715849,44160,743
4715850,40064,317
4715851,32448,354
4715853,27584,442
4715857,NA,10
4715859,NA,28
4715861,NA,0
4715862,NA,10
4716002,NA,88
4716003,NA,20
4716004,50048,138
4716005,65536,377
4716008,73088,509
4716009,49728,514
4716011,65024,287
4716013,69888,291
4716014,50816,153
4716016,45269,499
4716018,56448,342
4716019,NA,15
4716022,49792,407
4716023,60587,350
4716024,NA,60
4716026,NA,20
4716027,NA,154
4716028,85333,725
4716029,62391,14315
4716033,52864,361
4716038,43776,319
4716041,49920,686
4716042,50816,399
4716043,NA,45
4716044,50560,121
4716046,80640,1587
4716047,70528,1444
4716051,60288,1381
4716052,40704,332
4716053,70400,156
4716054,54016,337
4716056,68352,1347
4716057,48768,175
4716058,52736,786
4716059,NA,48
4716060,NA,40
4716061,55040,375
4716062,65408,508
4716063,40064,130
4716072,66176,700
4716075,81152,889
4716077,62336,138
4716854,33152,274
4716855,32960,681
4716856,25536,1174
4716857,NA,5
4716858,32725,1553
4716860,26317,1472
4716861,NA,26
4716862,29632,325
4716863,36864,821
4716870,NA,0
4716872,NA,0
4716880,NA,50
4716882,NA,10
4716886,NA,0
4716888,NA,20
4716890,NA,0
4716891,NA,0
4716892,NA,0
4716894,NA,20
4717001,87808,933
4717002,62336,148
4717004,NA,80
4717005,66816,111
4717006,76544,304
4717008,76715,344
4717011,86400,480
4717013,73728,255
4717014,50560,148
4717017,100096,750
4717018,78848,1185
4717019,76032,149
4717022,103509,1629
4717024,94336,983
4717026,92928,561
4717028,110592,2153
4717029,84452,11765
4717032,89472,1494
4717034,77568,491
4717036,62272,689
4717039,60032,159
4717041,70528,496
4717042,62016,84
4717045,72107,1256
4717047,72448,621
4717048,58752,387
4717052,74650,5344
4717053,NA,10
4717054,93952,2501
4717055,61312,134
4717056,60160,756
4717057,39680,84
4717058,52608,288
4717062,77120,1216
4717066,54016,282
4717067,76544,598
4717801,40576,2574
4717802,64128,518
4717803,31936,706
4717804,NA,34
4717805,50304,577
4717806,28928,672
4717807,34688,982
4717808,NA,15
4717809,23360,624
4717810,24064,223
4717811,38016,808
4717812,29920,724
4717813,26528,473
4717815,NA,10
4717816,NA,92
4717819,NA,0
4717820,NA,0
4717825,NA,0
4718005,46763,671
4718012,NA,82
4718015,NA,49
4718021,41856,429
4718023,NA,30
4718028,55360,170
4718030,NA,152
4718033,79104,640
4718041,80677,2688
4718042,103168,1106
4718049,91392,779
4718051,84821,1402
4718052,90368,203
4718055,34176,630
4718058,43328,697
4718062,NA,5
4718065,69120,1052
4718067,63232,1296
4718069,NA,73
4718070,67840,1110
4718071,NA,131
4718072,NA,57
4718074,46144,2372
4718075,34176,149
4718090,76928,1115
4718100,97536,262
4718801,21216,795
4718802,29504,1113
4718803,37760,1840
4718806,46336,481
4718807,39552,148
4718808,28352,577
4718809,45696,2017
4718811,27232,416
4718812,32064,605
4718813,NA,0
4718814,49024,565
4718817,34816,912
4718818,35008,783
4718819,37504,476
4718820,34432,1869
4718821,NA,81
4718822,52096,917
4718823,NA,0
4718824,56960,903
4718825,NA,62
4718826,NA,128
4718828,57216,1379
4718829,NA,35
4718831,21696,342
4718832,46464,1377
4718839,47872,822
4718844,NA,0
4718849,NA,0
4718852,35968,1061
4718854,NA,10
4801003,96224,7662
4801006,72806,63260
4801008,78797,3581
4801009,86784,541
4801014,67072,1983
4801018,79317,5600
4802001,76288,3847
4802002,48128,245
4802004,57984,827
4802006,49664,373
4802008,74035,3708
4802009,76032,978
4802011,86801,10353
4802012,74084,92729
4802013,89190,2668
4802014,77312,1278
4802016,50944,341
4802018,69376,1810
4802019,81001,8215
4802021,76544,7098
4802022,73894,8428
4802023,83200,947
4802029,63104,1222
4802031,90880,7524
4802034,83866,14451
4802036,97707,1085
4802038,74752,396
4802039,62805,1206
4803001,77158,4481
4803002,72256,2374
4803003,NA,105
4803004,67694,3585
4803006,58752,316
4803008,39040,162
4803011,78251,2965
4803014,68864,3642
4803016,56576,209
4803018,76487,5179
4803019,63616,2967
4803021,53632,406
4803022,57664,3780
4803024,58304,541
4803026,65877,2130
4803801,38997,1544
4803802,40480,4570
4803803,NA,0
4804001,67712,493
4804004,87040,1905
4804006,34304,135
4804011,71058,2559
4804012,82517,1042
4804014,69376,1001
4804016,72448,111
4804019,67072,154
4804020,91392,1237
4804021,64896,207
4804022,88832,729
4805001,78438,3984
4805002,44256,242
4805004,49536,317
4805006,69056,1917
4805008,41685,166
4805009,59776,91
4805011,78592,207
4805012,94834,8788
4805018,88633,13756
4805019,65920,190
4805021,86357,353
4805022,62464,316
4805026,72768,7982
4805031,80469,2066
4805034,49280,216
4805036,85760,192
4805038,69888,240
4805041,84352,5001
4805042,65792,454
4805044,63616,653
4805046,65365,828
4805048,67072,3212
4805049,65728,1058
4805802,40288,3479
4806001,133461,22766
4806006,78956,13584
4806008,65536,307
4806009,85440,2559
4806011,76288,2700
4806012,116163,28881
4806014,152866,39407
4806016,97334,1239220
4806017,134101,19887
4806019,113500,25853
4806021,109992,61581
4806022,89536,1216
4806024,76480,819
4806026,96128,2983
4806028,88125,13074
4806029,93623,4077
4806031,67328,444
4806032,78535,5268
4806034,78517,9184
4806036,69376,2729
4806803,35456,596
4806804,106816,1643
4807001,92621,2205
4807002,85120,1998
4807004,80299,202
4807006,76544,243
4807008,76800,204
4807011,84821,2102
4807012,67328,940
4807014,61120,929
4807016,52864,112
4807019,89728,5322
4807021,54400,346
4807022,NA,40
4807024,71936,204
4807026,71717,5952
4807027,104704,120
4807028,93440,86
4807029,39808,219
4807031,91307,3738
4807032,46464,154
4807036,80896,875
4807038,52992,160
4807039,75136,824
4807042,79360,989
4807044,82432,811
4807046,65792,256
4807048,87040,554
4807049,101266,4479
4807051,77952,335
4807052,67840,384
4807054,83363,6270
4807056,79104,521
4808001,95475,19541
4808002,56192,298
4808004,69632,892
4808005,153600,213
4808006,65664,1240
4808008,76160,7847
4808009,96219,3277
4808011,85794,100418
4808012,98442,14816
4808013,114176,273
4808022,92020,10343
4808023,141312,117
4808024,74837,1125
4808025,NA,42
4808026,73344,1078
4808027,92416,81
4808028,85589,176
4808029,109670,9328
4808031,91299,13057
4808032,80128,715
4808034,67840,734
4808038,87957,9806
4808039,74313,7229
4808042,86784,153
4808044,59947,2567
4808811,37504,3373
4808812,NA,26
4808813,30528,630
4809002,87979,11947
4809005,NA,0
4809010,39381,512
4809015,84384,6635
4809806,43904,789
4809809,44800,749
4809810,37632,237
4810001,90240,8458
4810002,57664,830
4810003,60544,188
4810004,61568,202
4810006,74496,151
4810009,77440,422
4810011,73605,18742
4810012,98560,220
4810014,99072,495
4810016,90528,5905
4810018,73387,2081
4810019,52352,483
4810021,54144,350
4810022,61696,1083
4810026,80768,3188
4810028,69402,5708
4810031,40346,193
4810034,62507,828
4810036,100569,8267
4810038,73472,179
4810039,102054,19645
4810041,105387,925
4810042,71840,4084
4810044,80469,564
4810046,68096,186
4810048,67738,3322
4810051,53376,339
4810052,64896,1352
4810056,50688,319
4810058,88247,3899
4810059,46720,425
4810061,68864,852
4810062,61184,274
4810064,86869,1774
4810066,103339,1308
4810068,NA,0
4810805,39296,208
4811001,80486,11181
4811002,67056,12655
4811003,NA,27
4811004,93568,114
4811005,105472,103
4811006,NA,51
4811007,NA,38
4811008,77568,110
4811009,NA,65
4811011,83200,1945
4811012,103646,13780
4811013,134443,17396
4811016,101910,29993
4811018,100608,6578
4811019,94464,2228
4811020,NA,73
4811021,74957,985
4811022,NA,23
4811023,86272,160
4811024,69120,766
4811026,52736,574
4811031,92858,7235
4811032,101922,7771
4811034,115005,32097
4811038,78592,169
4811039,NA,16
4811041,NA,10
4811042,NA,30
4811044,NA,10
4811045,84736,682
4811046,116480,699
4811048,94248,17189
4811049,107878,34066
4811052,126399,98044
4811056,116309,24149
4811059,121984,20495
4811061,87225,932546
4811062,119905,65589
4811064,107520,3159
4811065,89600,2053
4811066,104960,1529
4811068,110896,9848
4811069,96000,1345
4811801,44288,2457
4811802,34048,429
4811803,34048,1177
4811804,68288,1690
4811805,60928,1099
4811806,41771,1592
4811807,NA,30
4812002,110575,14961
4812004,115598,13575
4812009,100608,5417
4812011,NA,84
4812012,79104,493
4812013,182272,151
4812014,88405,6036
4812016,91776,1452
4812018,78848,5827
4812020,NA,49
4812022,65408,4107
4812024,53248,290
4812026,64064,186
4812029,60544,964
4812037,91477,8330
4812038,NA,0
4812802,44672,909
4812804,49024,531
4812806,NA,NA
4812808,62080,1310
4812810,50944,671
4812811,45760,976
4812813,NA,40
4812815,34688,163
4812828,52352,414
4812840,41216,184
4813001,83735,10899
4813002,59648,1320
4813003,72960,96
4813005,73557,252
4813006,87040,149
4813007,91392,137
4813008,83456,160
4813009,NA,10
4813010,75008,160
4813011,96000,169
4813012,78080,1018
4813013,NA,45
4813014,89003,1029
4813015,NA,67
4813016,78080,278
4813017,85760,135
4813018,80768,6288
4813019,61568,4579
4813028,79206,7220
4813029,107418,4754
4813030,105452,10204
4813031,57651,5101
4813032,69376,430
4813033,NA,44
4813036,72512,3254
4813044,88533,7869
4813045,77568,90
4813046,74155,845
4813047,NA,49
4813048,81216,2965
4813049,85248,228
4813051,NA,61
4813053,76800,110
4813055,NA,66
4813057,NA,38
4813061,91477,142
4813811,41088,755
4814003,92544,10995
4814019,100096,9882
4814024,97664,8414
4814028,NA,0
4815007,73856,5589
4815013,73984,221
4815015,90880,1334
4815023,98906,13992
4815027,NA,82
4815030,NA,49
4815032,NA,1028
4815033,88357,4590
4815035,81088,7851
4815037,NA,53
4815045,NA,92
4815802,41248,3713
4816037,195570,71589
4816051,57856,648
4816817,34133,414
4816821,37376,191
4816822,74112,130
4816831,NA,0
4816849,NA,0
4816850,NA,127
4816852,NA,99
4816859,73728,742
4816860,NA,20
4816861,NA,28
4817021,75520,2564
4817024,98603,1301
4817026,100011,1891
4817027,69935,5672
4817029,105632,6651
4817031,76544,3181
4817033,91989,2803
4817039,72704,364
4817062,68301,3023
4817064,56704,346
4817076,84139,4200
4817078,75776,1183
4817093,107349,3159
4817095,81109,11171
4817097,156160,795
4817817,31424,253
4817818,45056,160
4817819,45696,658
4817821,51584,190
4817822,49792,188
4817823,63104,961
4817824,42752,723
4817825,NA,0
4817827,NA,127
4817828,38400,828
4817829,38016,689
4817830,NA,5
4817831,46592,413
4817832,NA,20
4817833,NA,10
4817835,52096,2032
4817836,46464,154
4817837,52096,1196
4817838,44672,250
4817840,58496,224
4817841,NA,10
4817842,32704,218
4817843,53760,216
4817845,26944,883
4817848,46336,503
4817849,20928,294
4817853,38848,452
4817854,NA,0
4817855,108288,105
4817856,51968,723
4817857,NA,150
4817859,NA,96
4817860,75349,555
4818002,124459,1971
4818005,108800,3571
4818015,88613,5583
4818018,76416,1863
4818816,47616,1447
4818818,NA,53
4819006,123481,22303
4819008,67840,827
4819009,85248,2465
4819011,103872,1516
4819012,105555,63166
4819014,106240,2620
4819038,103552,6842
4819041,89088,2023
4819042,66731,701
4819044,77995,342
4819046,62848,1047
4819048,65792,219
4819049,65877,1553
4819054,89600,700
4819056,63232,612
4819058,77141,995
4819059,84352,2225
4819066,88832,1604
4819068,75968,2998
4819071,96384,1747
4819072,73387,538
4819074,89651,2718
4819815,61376,469
4819826,32960,150
5901003,110379,2499
5901006,103538,3784
5901012,90112,5249
5901017,98901,1943
5901019,78387,1976
5901022,67942,20047
5901028,67072,7425
5901035,86688,6036
5901037,73728,1753
5901039,74606,3391
5901040,78976,776
5901043,66304,668
5901046,81835,2726
5901048,66859,1462
5901801,NA,75
5901802,NA,0
5901803,57984,170
5901804,44608,140
5901805,NA,0
5901806,52352,319
5903004,46421,5351
5903010,49536,1930
5903011,47296,1141
5903013,54565,4657
5903015,56714,10572
5903017,55936,1482
5903019,37888,272
5903023,44096,968
5903027,46976,195
5903032,40576,473
5903039,45525,1343
5903041,54967,3772
5903043,73545,3963
5903045,68800,8039
5903047,46720,1623
5903050,50970,1605
5903052,44105,4667
5903056,67797,2534
5903058,77568,3137
5903060,50880,1681
5903807,30016,112
5905005,73370,1920
5905009,83136,996
5905014,55424,7709
5905018,79360,1680
5905023,81897,3729
5905026,83584,1891
5905030,71296,1442
5905032,49097,4049
5905037,49920,649
5905042,38784,665
5905050,55501,1337
5905052,55322,3225
5905054,39369,2155
5907005,52352,5085
5907009,43922,1502
5907014,54656,4928
5907022,66752,1858
5907024,51913,2828
5907026,47104,1047
5907028,56099,3557
5907035,66461,11615
5907041,54219,33761
5907047,70473,5874
5907049,72448,1903
5907051,94464,2014
5907053,42069,2236
5907055,59648,1953
5907801,NA,58
5907802,51392,762
5907803,55296,1783
5907805,NA,81
5907806,NA,26
5907807,NA,58
5907808,NA,10
5907809,NA,83
5909009,51226,6181
5909014,31552,405
5909016,45824,915
5909020,67800,83788
5909027,56875,1468
5909032,62272,6067
5909034,92160,1529
5909035,61525,1847
5909036,55744,1540
5909048,61824,1023
5909052,72511,141397
5909056,78159,38833
5909060,63680,1293
5909062,56192,1776
5909804,36736,186
5909805,NA,0
5909806,NA,42
5909807,NA,90
5909808,NA,5
5909809,NA,0
5909810,NA,18
5909812,NA,131
5909814,NA,0
5909815,NA,5
5909816,NA,39
5909817,NA,34
5909818,NA,10
5909819,NA,65
5909821,35968,324
5909824,37504,192
5909825,NA,10
5909826,NA,84
5909827,41984,247
5909830,55782,2358
5909831,NA,44
5909832,36352,767
5909833,NA,10
5909834,NA,23
5909835,NA,15
5909836,NA,0
5909837,26240,202
5909838,NA,10
5909839,51328,537
5909841,NA,51
5909842,NA,67
5909843,NA,30
5909844,NA,10
5909845,NA,85
5909847,NA,0
5909848,NA,0
5909849,NA,0
5909850,NA,0
5909852,NA,0
5909875,NA,80
5909876,NA,20
5909877,38528,178
5909878,NA,110
5909879,38784,300
5909880,35968,177
5909881,47872,213
5909882,NA,116
5909883,NA,10
5909884,52864,841
5909885,23424,136
5915001,90594,117285
5915002,59452,25888
5915004,77494,517887
5915007,62344,19952
5915011,92300,102238
5915015,65241,198309
5915020,46322,16133
5915022,65327,631486
5915025,64737,232755
5915029,64695,70996
5915034,74383,139284
5915036,128256,643
5915038,139469,2210
5915039,84096,58612
5915043,92922,33551
5915046,103981,85935
5915051,67119,52898
5915055,89808,42473
5915062,89856,3680
5915065,125082,1334
5915070,86912,18573
5915075,86178,82256
5915801,47232,120
5915802,84053,816
5915803,81408,1652
5915804,NA,0
5915805,NA,54
5915806,78702,1855
5915807,55168,576
5915808,38933,2931
5915809,NA,49
5915810,NA,10
5915811,NA,123
5915813,NA,40
5915816,NA,94
5915825,42816,471
5915830,35456,262
5915835,NA,0
5915840,NA,0
5917005,103296,11249
5917010,63840,11672
5917015,86622,16814
5917021,77282,114148
5917027,59077,10557
5917029,54037,4732
5917030,93529,18094
5917034,53126,85792
5917040,60424,17655
5917041,85668,16859
5917042,87625,4708
5917044,80331,35342
5917047,83994,10408
5917049,103509,2225
5917052,71296,13001
5917054,76288,4670
5917056,61760,190
5917801,36224,332
5917802,NA,94
5917803,49195,1689
5917804,41600,822
5917805,NA,0
5917809,36224,129
5917811,NA,NA
5917812,48102,1842
5917815,NA,111
5917819,41088,225
5919008,64169,29676
5919012,40320,4944
5919013,71360,3243
5919015,71595,2325
5919016,53440,3226
5919017,72285,2446
5919021,67674,8537
5919033,60544,1629
5919035,52992,1206
5919043,77568,4733
5919046,81169,8558
5919049,77349,5019
5919051,70144,4121
5919801,NA,168
5919802,NA,35
5919803,NA,103
5919804,33280,735
5919808,NA,0
5919809,28757,452
5919811,NA,0
5919812,NA,21
5919814,26880,158
5919815,NA,143
5919816,NA,77
5919817,NA,0
5919818,NA,36
5919820,NA,23
5919821,NA,39
5919822,48128,2086
5921007,61094,90504
5921008,82871,3605
5921010,71680,7058
5921014,47795,4033
5921016,84173,2808
5921018,55771,12514
5921023,65692,8943
5921030,79680,6125
5921032,54800,7724
5921034,72158,7465
5921036,54323,3884
5921804,42240,360
5921805,23328,230
5921806,NA,74
5921807,46720,371
5923008,50823,17678
5923019,61888,1717
5923025,66261,1932
5923033,71424,443
5923035,75904,1616
5923037,68160,2754
5923039,63552,1935
5923047,46336,243
5923049,49984,677
5923801,25728,119
5923802,NA,10
5923803,NA,82
5923804,NA,0
5923805,NA,5
5923806,NA,5
5923807,52736,274
5923808,30656,622
5923809,NA,5
5923810,NA,19
5923813,42624,150
5923814,NA,0
5923816,50048,542
5923822,NA,15
5923823,NA,94
5923824,NA,44
5923825,NA,0
5924025,61472,1212
5924029,36096,107
5924030,37248,248
5924034,64465,32588
5924039,45056,311
5924042,74606,4396
5924048,53931,764
5924052,36160,1035
5924054,48512,2431
5924803,NA,0
5924804,55424,381
5924805,NA,0
5924806,50304,181
5924812,72192,294
5924813,NA,0
5924814,NA,5
5924817,48939,147
5924818,NA,0
5924820,NA,64
5924833,NA,30
5924835,37184,187
5924836,NA,88
5924840,26688,202
5926005,69254,14028
5926010,57463,25599
5926014,65203,3753
5926021,57454,7213
5926022,74701,7095
5926024,70341,8617
5926801,39424,222
5926802,NA,0
5927008,56525,13157
5927010,47104,1105
5927012,58112,1541
5927016,55136,2064
5927018,41408,1076
5927020,NA,399
5927802,44992,707
5927806,NA,21
5929005,57370,4605
5929011,58888,10216
5929018,52512,2624
5929022,66011,2726
5929024,62976,3421
5929026,70286,3664
5929028,68813,2043
5929801,NA,0
5929803,36864,671
5931006,89012,19512
5931012,84224,2574
5931017,70912,1663
5931020,79752,11854
5931021,95872,1057
5931026,53077,2275
5931032,47232,187
5931034,50816,363
5931801,NA,57
5931802,NA,35
5931806,NA,51
5931807,NA,107
5931808,53376,160
5931809,NA,28
5931812,31840,138
5931813,35840,241
5931814,NA,66
5931815,NA,70
5931816,39808,111
5931817,NA,10
5931818,NA,5
5931819,NA,0
5931820,NA,10
5931821,31808,243
5931822,NA,0
5931823,NA,26
5931824,NA,0
5931826,NA,20
5931827,NA,10
5931828,NA,45
5931829,NA,52
5931831,26496,177
5931832,NA,5
5931833,NA,23
5931842,NA,73
5931843,43605,1285
5931844,31488,132
5933006,62544,7139
5933008,63445,1598
5933012,68096,762
5933015,50816,249
5933019,61248,1558
5933024,50688,963
5933028,40832,641
5933032,52352,1094
5933035,61931,1993
5933037,48704,1262
5933039,78592,1580
5933042,73822,90280
5933044,80213,3672
5933045,71168,616
5933054,50560,2286
5933060,69006,2955
5933067,62432,2324
5933068,54528,1493
5933070,46677,233
5933072,54528,1323
5933074,47424,1713
5933801,37440,318
5933802,36736,149
5933803,NA,0
5933805,NA,42
5933806,40576,123
5933807,32896,532
5933808,30464,142
5933809,NA,25
5933810,NA,0
5933811,NA,25
5933812,55936,121
5933813,NA,5
5933814,NA,60
5933817,32576,293
5933819,NA,0
5933821,NA,34
5933823,NA,16
5933824,NA,0
5933825,NA,30
5933828,NA,0
5933829,NA,32
5933831,NA,10
5933832,NA,80
5933833,48512,141
5933834,NA,41
5933836,NA,25
5933837,NA,0
5933839,NA,0
5933840,NA,5
5933841,NA,5
5933842,NA,0
5933844,NA,68
5933845,NA,10
5933846,NA,0
5933848,NA,5
5933849,NA,90
5933850,NA,10
5933851,NA,63
5933852,NA,5
5933853,34304,139
5933854,NA,5
5933855,NA,20
5933857,NA,0
5933858,NA,10
5933859,NA,64
5933861,NA,5
5933865,NA,5
5933866,NA,10
5933868,NA,10
5933870,NA,0
5933872,NA,84
5933873,NA,71
5933874,NA,0
5933875,NA,25
5933876,NA,15
5933877,NA,59
5933878,NA,5
5933879,NA,5
5933880,76224,3021
5933881,NA,5
5933882,NA,71
5933884,65280,304
5933886,NA,0
5933887,55680,218
5933888,NA,10
5933889,NA,10
5933895,NA,16
5933896,NA,0
5933897,NA,0
5933898,59264,237
5935010,68627,127380
5935012,85504,3824
5935016,83243,12922
5935018,72294,5428
5935020,66912,1981
5935029,83942,32655
5935801,50987,1664
5935802,53742,7612
5935803,77227,1416
5937005,58453,1833
5937010,95921,10648
5937014,59353,40116
5937017,69632,3203
5937021,82483,3870
5937022,61056,2672
5937023,45355,1010
5937024,69831,5106
5937028,63561,5114
5937033,49331,2964
5937041,58261,4000
5937801,53961,2869
5937802,33856,316
5937803,46528,628
5937805,NA,5
5939007,74325,3708
5939011,68448,3148
5939019,74659,7547
5939023,70912,598
5939032,63646,17706
5939037,63360,7921
5939039,57856,4044
5939043,52352,1185
5939044,58347,2454
5939045,53990,2429
5939801,NA,41
5939802,NA,31
5939803,NA,51
5939804,NA,75
5939805,53632,171
5939806,NA,39
5939807,NA,20
5939808,NA,71
5939811,45440,127
5941005,43136,1980
5941009,68831,10753
5941010,77120,2929
5941012,82916,4064
5941013,59088,9879
5941014,71381,4554
5941015,59904,5156
5941016,49088,1784
5941017,53803,4204
5941019,74102,6265
5941021,72000,3842
5941025,42880,217
5941026,62080,1225
5941027,58880,1440
5941039,42795,642
5941041,60032,398
5941801,36800,328
5941802,36992,228
5941803,NA,0
5941804,NA,0
5941805,36032,91
5941806,NA,79
5941807,NA,20
5941808,NA,91
5941809,NA,102
5941810,NA,59
5941811,NA,10
5941812,43136,191
5941813,NA,5
5941817,NA,0
5941818,NA,0
5941821,36736,342
5941827,NA,0
5941828,NA,5
5941829,NA,25
5941831,NA,15
5941833,NA,36
5941834,NA,0
5941835,NA,0
5941837,NA,90
5941838,NA,0
5941839,43392,196
5941840,19776,134
5941841,26944,187
5941844,NA,0
5941845,NA,0
5941848,NA,0
5941849,NA,5
5941850,25472,107
5941851,NA,10
5941852,NA,15
5941854,NA,0
5941855,NA,5
5941856,NA,0
5941858,NA,0
5941859,NA,0
5941860,NA,0
5941861,NA,0
5941862,NA,0
5941863,NA,0
5941864,NA,0
5941866,NA,0
5941868,NA,5
5941871,NA,15
5941872,NA,5
5941873,NA,10
5941876,NA,20
5941879,NA,5
5941880,22560,155
5941881,NA,0
5941882,NA,35
5941883,NA,10
5941884,NA,5
5941885,NA,15
5943008,53728,489
5943012,85248,2337
5943017,62208,664
5943023,56277,4132
5943027,NA,60
5943031,73984,750
5943033,79616,228
5943037,41472,885
5943804,NA,27
5943806,39808,431
5943807,NA,10
5943808,NA,27
5943809,NA,0
5943813,NA,78
5943815,46080,228
5943816,50304,224
5943817,NA,0
5943835,NA,0
5943836,NA,0
5943837,29760,465
5945006,46507,203
5945010,51072,653
5945012,62592,399
5945014,37760,148
5945801,59264,1019
5945802,36032,807
5945803,NA,90
5947007,78848,467
5947012,73284,12220
5947016,NA,41
5947021,NA,68
5947023,59968,793
5947026,69120,852
5947027,63424,539
5947030,53120,282
5947032,52480,340
5947803,30208,555
5947804,48512,837
5947806,NA,52
5947807,30208,353
5947809,33664,646
5947810,NA,88
5949005,92365,8131
5949011,76769,11643
5949013,84651,2834
5949018,67072,3993
5949020,NA,5
5949022,66304,313
5949024,50048,580
5949028,54741,1473
5949032,68352,401
5949035,56960,1880
5949038,79104,360
5949039,NA,20
5949041,35968,99
5949802,54592,292
5949803,57344,525
5949804,57472,334
5949805,NA,0
5949807,NA,87
5949810,NA,86
5949811,34944,191
5949812,46933,630
5949813,35840,599
5949814,30784,427
5949815,32939,434
5949816,34176,430
5949817,55424,306
5949818,27563,236
5949819,NA,111
5949820,NA,128
5949832,53504,295
5949843,56192,148
5949844,46208,269
5949845,NA,54
5949846,NA,0
5949847,NA,53
5951007,82368,4439
5951009,75776,988
5951013,80896,1598
5951015,84070,1415
5951017,70400,1472
5951019,81024,3665
5951022,68267,1779
5951028,81152,1938
5951031,66091,1593
5951032,42752,303
5951034,80477,2993
5951038,87936,1327
5951043,74610,5401
5951051,85184,5256
5951053,78592,903
5951801,NA,87
5951802,48256,192
5951803,49152,548
5951804,NA,0
5951805,35456,182
5951806,NA,15
5951807,65152,202
5951809,27136,313
5951810,35968,401
5951811,NA,0
5951813,NA,18
5951814,NA,10
5951815,NA,48
5951818,NA,84
5951819,NA,5
5951820,NA,10
5951821,NA,5
5951822,NA,10
5951823,NA,5
5951824,NA,23
5951825,NA,0
5951826,NA,10
5951827,47232,243
5951828,NA,86
5951829,NA,112
5951830,NA,0
5951833,NA,5
5951840,NA,15
5951844,NA,5
5951845,NA,0
5951846,NA,0
5951847,NA,0
5951848,38784,192
5951849,NA,0
5953007,51392,1021
5953012,44672,616
5953019,53632,1586
5953023,75690,74003
5953033,96154,3714
5953038,95949,3463
5953042,108885,3527
5953044,93901,4278
5953046,51584,526
5953048,76032,1246
5953050,58496,334
5953801,NA,105
5953802,38144,87
5955003,74816,1987
5955005,77312,792
5955010,90709,2503
5955014,79211,12178
5955021,96102,5920
5955023,89408,2949
5955025,73472,1015
5955030,105344,1469
5955034,102903,20155
5955040,93397,5628
5955042,123648,6772
5955801,55424,381
5955802,56704,140
5955803,50560,197
5955804,27456,118
5955807,30656,332
5955808,41408,172
5955812,40064,234
5957022,55353,477
5957802,NA,28
5957803,32704,114
5957804,NA,0
5957813,NA,81
5957814,NA,40
5959007,94234,4831
5959805,NA,5
5959806,47040,451
5959809,NA,0
5959810,42880,106
6001003,63872,790
6001004,62165,348
6001006,85077,124
6001007,67840,139
6001008,NA,35
6001009,93652,25085
6001010,NA,25
6001012,61824,493
6001016,NA,0
6001018,69824,613
6001019,NA,0
6001022,75264,200
6001029,68608,1375
6001031,NA,0
6001032,33152,125
6001035,32704,188
6001036,51712,249
6001037,45013,293
6001038,NA,20
6001039,61995,72
6001041,56448,353
6001042,85760,93
6001043,77056,221
6001044,77312,437
6001045,59008,1515
6001046,NA,0
6001047,NA,10
6001048,54848,301
6001049,NA,55
6001050,NA,17
6001052,NA,20
6001055,69376,411
6001057,NA,0
6001058,83328,696
6001059,84378,1245
6001060,86272,326
6101010,73984,172
6101014,75264,265
6101015,47104,700
6101017,108117,3243
6101025,52608,590
6101036,55424,898
6101041,68352,103
6101063,NA,5
6101095,54592,396
6102003,57216,533
6102005,80128,477
6102007,154624,778
6102009,83541,516
6102012,NA,129
6102063,NA,0
6103031,80512,1874
6103034,86272,470
6103049,86016,278
6103052,NA,129
6103097,NA,0
6104005,NA,36
6104006,NA,88
6104009,59392,500
6104010,NA,87
6104013,NA,77
6104014,59008,695
6104017,61312,309
6104038,104320,1202
6104044,42368,119
6104097,NA,47
6105001,105899,2542
6105003,79104,106
6105004,NA,0
6105016,115424,3528
6105018,55424,470
6105020,50304,303
6105026,NA,0
6105097,NA,31
6106021,59264,219
6106023,142616,19569
6106097,129280,302
6204001,57600,882
6204003,136119,7740
6204005,63744,389
6204007,65792,1441
6204009,74752,1481
6204010,49280,598
6204011,78336,848
6204012,79104,1682
6204015,68736,1053
6204018,72576,868
6204019,NA,0
6204020,89344,1617
6204022,84736,198
6204025,55424,129
6204030,NA,62
6205014,59008,891
6205015,76160,2657
6205016,71936,435
6205017,131129,2842
6205019,81152,437
6205023,80213,2069
6205027,77056,1082
6205033,NA,0
6208047,81152,933
6208059,57429,1491
6208065,NA,0
6208068,NA,0
6208073,96209,1766
6208081,71509,1324
6208087,69888,1029
6208098,NA,0
